family_id,score,review_required,reasons
family_ivanovy,0,false,
family_dima,0,false,
family_000002,0,false,
family_000003,0,false,
family_000004,0,false,
family_000005,0,false,
family_000006,0,false,
family_000007,0,false,
family_000008,0,false,
family_000009,0,false,
family_000010,0,false,
family_000011,0,false,
family_000012,0,false,
family_000013,0,false,
family_000014,0,false,
family_000015,0,false,
family_000016,0,false,
family_000017,0,false,
family_000018,0,false,
family_000019,0,false,
family_000020,0,false,
family_000021,0,false,
family_000022,0,false,
family_000023,0,false,
family_000024,0,false,
family_000025,0,false,
family_000026,0,false,
family_000027,0,false,
family_000028,0,false,
family_000029,0,false,
family_000030,0,false,
family_000031,0,false,
family_000032,0,false,
family_000033,0,false,
family_000034,0,false,
family_000035,0,false,
family_000036,0,false,
family_000037,0,false,
family_000038,0,false,
family_000039,0,false,
family_000040,0,false,
family_000041,0,false,
family_000042,0,false,
family_000043,0,false,
family_000044,0,false,
family_000045,0,false,
family_000046,0,false,
family_000047,0,false,
family_000048,0,false,
family_000049,0,false,
family_000050,0,false,
family_000051,0,false,
family_000052,0,false,
family_000053,0,false,
family_000054,0,false,
family_000055,0,false,
family_000056,0,false,
family_000057,0,false,
family_000058,0,false,
family_000059,0,false,
family_000060,0,false,
family_000061,0,false,
family_000062,0,false,
family_000063,0,false,
family_000064,0,false,
family_000065,0,false,
family_000066,0,false,
family_000067,0,false,
family_000068,0,false,
family_000069,0,false,
family_000070,0,false,
family_000071,0,false,
family_000072,0,false,
family_000073,0,false,
family_000074,0,false,
family_000075,0,false,
family_000076,0,false,
family_000077,0,false,
family_000078,0,false,
family_000079,0,false,
family_000080,0,false,
family_000081,0,false,
family_000082,0,false,
family_000083,0,false,
family_000084,0,false,
family_000085,0,false,
family_000086,0,false,
family_000087,0,false,
family_000088,0,false,
family_000089,0,false,
family_000090,0,false,
family_000091,0,false,
family_000092,0,false,
family_000093,0,false,
family_000094,0,false,
family_000095,0,false,
family_000096,0,false,
family_000097,0,false,
family_000098,0,false,
family_000099,0,false,
family_000100,0,false,
family_000101,0,false,
family_000102,0,false,
family_000103,0,false,
family_000104,0,false,
family_000105,0,false,
family_000106,0,false,
family_000107,0,false,
family_000108,0,false,
family_000109,0,false,
family_000110,0,false,
family_000111,0,false,
family_000112,0,false,
family_000113,0,false,
family_000114,0,false,
family_000115,0,false,
family_000116,0,false,
family_000117,0,false,
family_000118,0,false,
family_000119,0,false,
family_000120,0,false,
family_000121,0,false,
family_000122,0,false,
family_000123,0,false,
family_000124,0,false,
family_000125,0,false,
family_000126,0,false,
family_000127,0,false,
family_000128,0,false,
family_000129,0,false,
family_000130,0,false,
family_000131,0,false,
family_000132,0,false,
family_000133,0,false,
family_000134,0,false,
family_000135,0,false,
family_000136,0,false,
family_000137,0,false,
family_000138,0,false,
family_000139,0,false,
family_000140,0,false,
family_000141,0,false,
family_000142,0,false,
family_000143,0,false,
family_000144,0,false,
family_000145,0,false,
family_000146,0,false,
family_000147,0,false,
family_000148,0,false,
family_000149,0,false,
family_000150,0,false,
family_000151,0,false,
family_000152,0,false,
family_000153,0,false,
family_000154,0,false,
family_000155,0,false,
family_000156,0,false,
family_000157,0,false,
family_000158,0,false,
family_000159,0,false,
family_000160,0,false,
family_000161,0,false,
family_000162,0,false,
family_000163,0,false,
family_000164,0,false,
family_000165,0,false,
family_000166,0,false,
family_000167,0,false,
family_000168,0,false,
family_000169,0,false,
family_000170,0,false,
family_000171,0,false,
family_000172,0,false,
family_000173,90,true,одна карта связана минимум с четырьмя семьями; доля возвратов не ниже 50%; повторяющиеся уценённые SKU в коротком окне
family_000174,0,false,
family_000175,0,false,
family_000176,0,false,
family_000177,0,false,
family_000178,0,false,
family_000179,0,false,
family_000180,0,false,
family_000181,0,false,
family_000182,0,false,
family_000183,0,false,
family_000184,0,false,
family_000185,0,false,
family_000186,0,false,
family_000187,0,false,
family_000188,0,false,
family_000189,0,false,
family_000190,0,false,
family_000191,0,false,
family_000192,0,false,
family_000193,0,false,
family_000194,0,false,
family_000195,0,false,
family_000196,0,false,
family_000197,0,false,
family_000198,0,false,
family_000199,0,false,
family_000200,0,false,
family_000201,0,false,
family_000202,0,false,
family_000203,0,false,
family_000204,0,false,
family_000205,0,false,
family_000206,0,false,
family_000207,0,false,
family_000208,0,false,
family_000209,0,false,
family_000210,0,false,
family_000211,0,false,
family_000212,0,false,
family_000213,0,false,
family_000214,0,false,
family_000215,0,false,
family_000216,0,false,
family_000217,0,false,
family_000218,0,false,
family_000219,0,false,
family_000220,0,false,
family_000221,0,false,
family_000222,0,false,
family_000223,0,false,
family_000224,0,false,
family_000225,0,false,
family_000226,0,false,
family_000227,0,false,
family_000228,0,false,
family_000229,0,false,
family_000230,0,false,
family_000231,0,false,
family_000232,0,false,
family_000233,0,false,
family_000234,0,false,
family_000235,0,false,
family_000236,0,false,
family_000237,0,false,
family_000238,0,false,
family_000239,0,false,
family_000240,0,false,
family_000241,0,false,
family_000242,0,false,
family_000243,0,false,
family_000244,0,false,
family_000245,0,false,
family_000246,0,false,
family_000247,0,false,
family_000248,0,false,
family_000249,0,false,
family_000250,0,false,
family_000251,0,false,
family_000252,0,false,
family_000253,0,false,
family_000254,0,false,
family_000255,0,false,
family_000256,0,false,
family_000257,0,false,
family_000258,0,false,
family_000259,0,false,
family_000260,0,false,
family_000261,0,false,
family_000262,0,false,
family_000263,0,false,
family_000264,0,false,
family_000265,0,false,
family_000266,0,false,
family_000267,0,false,
family_000268,0,false,
family_000269,0,false,
family_000270,0,false,
family_000271,0,false,
family_000272,0,false,
family_000273,0,false,
family_000274,0,false,
family_000275,0,false,
family_000276,0,false,
family_000277,0,false,
family_000278,0,false,
family_000279,0,false,
family_000280,0,false,
family_000281,0,false,
family_000282,0,false,
family_000283,0,false,
family_000284,0,false,
family_000285,0,false,
family_000286,0,false,
family_000287,0,false,
family_000288,0,false,
family_000289,0,false,
family_000290,0,false,
family_000291,0,false,
family_000292,0,false,
family_000293,0,false,
family_000294,0,false,
family_000295,0,false,
family_000296,0,false,
family_000297,0,false,
family_000298,0,false,
family_000299,0,false,
family_000300,0,false,
family_000301,0,false,
family_000302,0,false,
family_000303,0,false,
family_000304,0,false,
family_000305,0,false,
family_000306,0,false,
family_000307,0,false,
family_000308,0,false,
family_000309,0,false,
family_000310,0,false,
family_000311,0,false,
family_000312,0,false,
family_000313,0,false,
family_000314,0,false,
family_000315,0,false,
family_000316,0,false,
family_000317,0,false,
family_000318,0,false,
family_000319,0,false,
family_000320,0,false,
family_000321,0,false,
family_000322,0,false,
family_000323,0,false,
family_000324,0,false,
family_000325,0,false,
family_000326,0,false,
family_000327,0,false,
family_000328,0,false,
family_000329,0,false,
family_000330,0,false,
family_000331,0,false,
family_000332,0,false,
family_000333,0,false,
family_000334,0,false,
family_000335,0,false,
family_000336,0,false,
family_000337,0,false,
family_000338,0,false,
family_000339,0,false,
family_000340,0,false,
family_000341,0,false,
family_000342,0,false,
family_000343,0,false,
family_000344,0,false,
family_000345,0,false,
family_000346,90,true,одна карта связана минимум с четырьмя семьями; доля возвратов не ниже 50%; повторяющиеся уценённые SKU в коротком окне
family_000347,0,false,
family_000348,0,false,
family_000349,0,false,
family_000350,0,false,
family_000351,0,false,
family_000352,0,false,
family_000353,0,false,
family_000354,0,false,
family_000355,0,false,
family_000356,0,false,
family_000357,0,false,
family_000358,0,false,
family_000359,0,false,
family_000360,0,false,
family_000361,0,false,
family_000362,0,false,
family_000363,0,false,
family_000364,0,false,
family_000365,0,false,
family_000366,0,false,
family_000367,0,false,
family_000368,0,false,
family_000369,0,false,
family_000370,0,false,
family_000371,0,false,
family_000372,0,false,
family_000373,0,false,
family_000374,0,false,
family_000375,0,false,
family_000376,0,false,
family_000377,0,false,
family_000378,0,false,
family_000379,0,false,
family_000380,0,false,
family_000381,0,false,
family_000382,0,false,
family_000383,0,false,
family_000384,0,false,
family_000385,0,false,
family_000386,0,false,
family_000387,0,false,
family_000388,0,false,
family_000389,0,false,
family_000390,0,false,
family_000391,0,false,
family_000392,0,false,
family_000393,0,false,
family_000394,0,false,
family_000395,0,false,
family_000396,0,false,
family_000397,0,false,
family_000398,0,false,
family_000399,0,false,
family_000400,0,false,
family_000401,0,false,
family_000402,0,false,
family_000403,0,false,
family_000404,0,false,
family_000405,0,false,
family_000406,0,false,
family_000407,0,false,
family_000408,0,false,
family_000409,0,false,
family_000410,0,false,
family_000411,0,false,
family_000412,0,false,
family_000413,0,false,
family_000414,0,false,
family_000415,0,false,
family_000416,0,false,
family_000417,0,false,
family_000418,0,false,
family_000419,0,false,
family_000420,0,false,
family_000421,0,false,
family_000422,0,false,
family_000423,0,false,
family_000424,0,false,
family_000425,0,false,
family_000426,0,false,
family_000427,0,false,
family_000428,0,false,
family_000429,0,false,
family_000430,0,false,
family_000431,0,false,
family_000432,0,false,
family_000433,0,false,
family_000434,0,false,
family_000435,0,false,
family_000436,0,false,
family_000437,0,false,
family_000438,0,false,
family_000439,0,false,
family_000440,0,false,
family_000441,0,false,
family_000442,0,false,
family_000443,0,false,
family_000444,0,false,
family_000445,0,false,
family_000446,0,false,
family_000447,0,false,
family_000448,0,false,
family_000449,0,false,
family_000450,0,false,
family_000451,0,false,
family_000452,0,false,
family_000453,0,false,
family_000454,0,false,
family_000455,0,false,
family_000456,0,false,
family_000457,0,false,
family_000458,0,false,
family_000459,0,false,
family_000460,0,false,
family_000461,0,false,
family_000462,0,false,
family_000463,0,false,
family_000464,0,false,
family_000465,0,false,
family_000466,0,false,
family_000467,0,false,
family_000468,0,false,
family_000469,0,false,
family_000470,0,false,
family_000471,0,false,
family_000472,0,false,
family_000473,0,false,
family_000474,0,false,
family_000475,0,false,
family_000476,0,false,
family_000477,0,false,
family_000478,0,false,
family_000479,0,false,
family_000480,0,false,
family_000481,0,false,
family_000482,0,false,
family_000483,0,false,
family_000484,0,false,
family_000485,0,false,
family_000486,0,false,
family_000487,0,false,
family_000488,0,false,
family_000489,0,false,
family_000490,0,false,
family_000491,0,false,
family_000492,0,false,
family_000493,0,false,
family_000494,0,false,
family_000495,0,false,
family_000496,0,false,
family_000497,0,false,
family_000498,0,false,
family_000499,0,false,
family_000500,0,false,
family_000501,0,false,
family_000502,0,false,
family_000503,0,false,
family_000504,0,false,
family_000505,0,false,
family_000506,0,false,
family_000507,0,false,
family_000508,0,false,
family_000509,0,false,
family_000510,0,false,
family_000511,0,false,
family_000512,0,false,
family_000513,0,false,
family_000514,0,false,
family_000515,0,false,
family_000516,0,false,
family_000517,0,false,
family_000518,0,false,
family_000519,90,true,одна карта связана минимум с четырьмя семьями; доля возвратов не ниже 50%; повторяющиеся уценённые SKU в коротком окне
family_000520,0,false,
family_000521,0,false,
family_000522,0,false,
family_000523,0,false,
family_000524,0,false,
family_000525,0,false,
family_000526,0,false,
family_000527,0,false,
family_000528,0,false,
family_000529,0,false,
family_000530,0,false,
family_000531,0,false,
family_000532,0,false,
family_000533,0,false,
family_000534,0,false,
family_000535,0,false,
family_000536,0,false,
family_000537,0,false,
family_000538,0,false,
family_000539,0,false,
family_000540,0,false,
family_000541,0,false,
family_000542,0,false,
family_000543,0,false,
family_000544,0,false,
family_000545,0,false,
family_000546,0,false,
family_000547,0,false,
family_000548,0,false,
family_000549,0,false,
family_000550,0,false,
family_000551,0,false,
family_000552,0,false,
family_000553,0,false,
family_000554,0,false,
family_000555,0,false,
family_000556,0,false,
family_000557,0,false,
family_000558,0,false,
family_000559,0,false,
family_000560,0,false,
family_000561,0,false,
family_000562,0,false,
family_000563,0,false,
family_000564,0,false,
family_000565,0,false,
family_000566,0,false,
family_000567,0,false,
family_000568,0,false,
family_000569,0,false,
family_000570,0,false,
family_000571,0,false,
family_000572,0,false,
family_000573,0,false,
family_000574,0,false,
family_000575,0,false,
family_000576,0,false,
family_000577,0,false,
family_000578,0,false,
family_000579,0,false,
family_000580,0,false,
family_000581,0,false,
family_000582,0,false,
family_000583,0,false,
family_000584,0,false,
family_000585,0,false,
family_000586,0,false,
family_000587,0,false,
family_000588,0,false,
family_000589,0,false,
family_000590,0,false,
family_000591,0,false,
family_000592,0,false,
family_000593,0,false,
family_000594,0,false,
family_000595,0,false,
family_000596,0,false,
family_000597,0,false,
family_000598,0,false,
family_000599,0,false,
family_000600,0,false,
family_000601,0,false,
family_000602,0,false,
family_000603,0,false,
family_000604,0,false,
family_000605,0,false,
family_000606,0,false,
family_000607,0,false,
family_000608,0,false,
family_000609,0,false,
family_000610,0,false,
family_000611,0,false,
family_000612,0,false,
family_000613,0,false,
family_000614,0,false,
family_000615,0,false,
family_000616,0,false,
family_000617,0,false,
family_000618,0,false,
family_000619,0,false,
family_000620,0,false,
family_000621,0,false,
family_000622,0,false,
family_000623,0,false,
family_000624,0,false,
family_000625,0,false,
family_000626,0,false,
family_000627,0,false,
family_000628,0,false,
family_000629,0,false,
family_000630,0,false,
family_000631,0,false,
family_000632,0,false,
family_000633,0,false,
family_000634,0,false,
family_000635,0,false,
family_000636,0,false,
family_000637,0,false,
family_000638,0,false,
family_000639,0,false,
family_000640,0,false,
family_000641,0,false,
family_000642,0,false,
family_000643,0,false,
family_000644,0,false,
family_000645,0,false,
family_000646,0,false,
family_000647,0,false,
family_000648,0,false,
family_000649,0,false,
family_000650,0,false,
family_000651,0,false,
family_000652,0,false,
family_000653,0,false,
family_000654,0,false,
family_000655,0,false,
family_000656,0,false,
family_000657,0,false,
family_000658,0,false,
family_000659,0,false,
family_000660,0,false,
family_000661,0,false,
family_000662,0,false,
family_000663,0,false,
family_000664,0,false,
family_000665,0,false,
family_000666,0,false,
family_000667,0,false,
family_000668,0,false,
family_000669,0,false,
family_000670,0,false,
family_000671,0,false,
family_000672,0,false,
family_000673,0,false,
family_000674,0,false,
family_000675,0,false,
family_000676,0,false,
family_000677,0,false,
family_000678,0,false,
family_000679,0,false,
family_000680,0,false,
family_000681,0,false,
family_000682,0,false,
family_000683,0,false,
family_000684,0,false,
family_000685,0,false,
family_000686,0,false,
family_000687,0,false,
family_000688,0,false,
family_000689,0,false,
family_000690,0,false,
family_000691,0,false,
family_000692,90,true,одна карта связана минимум с четырьмя семьями; доля возвратов не ниже 50%; повторяющиеся уценённые SKU в коротком окне
family_000693,0,false,
family_000694,0,false,
family_000695,0,false,
family_000696,0,false,
family_000697,0,false,
family_000698,0,false,
family_000699,0,false,
family_000700,0,false,
family_000701,0,false,
family_000702,0,false,
family_000703,0,false,
family_000704,0,false,
family_000705,0,false,
family_000706,0,false,
family_000707,0,false,
family_000708,0,false,
family_000709,0,false,
family_000710,0,false,
family_000711,0,false,
family_000712,0,false,
family_000713,0,false,
family_000714,0,false,
family_000715,0,false,
family_000716,0,false,
family_000717,0,false,
family_000718,0,false,
family_000719,0,false,
family_000720,0,false,
family_000721,0,false,
family_000722,0,false,
family_000723,0,false,
family_000724,0,false,
family_000725,0,false,
family_000726,0,false,
family_000727,0,false,
family_000728,0,false,
family_000729,0,false,
family_000730,0,false,
family_000731,0,false,
family_000732,0,false,
family_000733,0,false,
family_000734,0,false,
family_000735,0,false,
family_000736,0,false,
family_000737,0,false,
family_000738,0,false,
family_000739,0,false,
family_000740,0,false,
family_000741,0,false,
family_000742,0,false,
family_000743,0,false,
family_000744,0,false,
family_000745,0,false,
family_000746,0,false,
family_000747,0,false,
family_000748,0,false,
family_000749,0,false,
family_000750,0,false,
family_000751,0,false,
family_000752,0,false,
family_000753,0,false,
family_000754,0,false,
family_000755,0,false,
family_000756,0,false,
family_000757,0,false,
family_000758,0,false,
family_000759,0,false,
family_000760,0,false,
family_000761,0,false,
family_000762,0,false,
family_000763,0,false,
family_000764,0,false,
family_000765,0,false,
family_000766,0,false,
family_000767,0,false,
family_000768,0,false,
family_000769,0,false,
family_000770,0,false,
family_000771,0,false,
family_000772,0,false,
family_000773,0,false,
family_000774,0,false,
family_000775,0,false,
family_000776,0,false,
family_000777,0,false,
family_000778,0,false,
family_000779,0,false,
family_000780,0,false,
family_000781,0,false,
family_000782,0,false,
family_000783,0,false,
family_000784,0,false,
family_000785,0,false,
family_000786,0,false,
family_000787,0,false,
family_000788,0,false,
family_000789,0,false,
family_000790,0,false,
family_000791,0,false,
family_000792,0,false,
family_000793,0,false,
family_000794,0,false,
family_000795,0,false,
family_000796,0,false,
family_000797,0,false,
family_000798,0,false,
family_000799,0,false,
family_000800,0,false,
family_000801,0,false,
family_000802,0,false,
family_000803,0,false,
family_000804,0,false,
family_000805,0,false,
family_000806,0,false,
family_000807,0,false,
family_000808,0,false,
family_000809,0,false,
family_000810,0,false,
family_000811,0,false,
family_000812,0,false,
family_000813,0,false,
family_000814,0,false,
family_000815,0,false,
family_000816,0,false,
family_000817,0,false,
family_000818,0,false,
family_000819,0,false,
family_000820,0,false,
family_000821,0,false,
family_000822,0,false,
family_000823,0,false,
family_000824,0,false,
family_000825,0,false,
family_000826,0,false,
family_000827,0,false,
family_000828,0,false,
family_000829,0,false,
family_000830,0,false,
family_000831,0,false,
family_000832,0,false,
family_000833,0,false,
family_000834,0,false,
family_000835,0,false,
family_000836,0,false,
family_000837,0,false,
family_000838,0,false,
family_000839,0,false,
family_000840,0,false,
family_000841,0,false,
family_000842,0,false,
family_000843,0,false,
family_000844,0,false,
family_000845,0,false,
family_000846,0,false,
family_000847,0,false,
family_000848,0,false,
family_000849,0,false,
family_000850,0,false,
family_000851,0,false,
family_000852,0,false,
family_000853,0,false,
family_000854,0,false,
family_000855,0,false,
family_000856,0,false,
family_000857,0,false,
family_000858,0,false,
family_000859,0,false,
family_000860,0,false,
family_000861,0,false,
family_000862,0,false,
family_000863,0,false,
family_000864,0,false,
family_000865,90,true,одна карта связана минимум с четырьмя семьями; доля возвратов не ниже 50%; повторяющиеся уценённые SKU в коротком окне
family_000866,0,false,
family_000867,0,false,
family_000868,0,false,
family_000869,0,false,
family_000870,0,false,
family_000871,0,false,
family_000872,0,false,
family_000873,0,false,
family_000874,0,false,
family_000875,0,false,
family_000876,0,false,
family_000877,0,false,
family_000878,0,false,
family_000879,0,false,
family_000880,0,false,
family_000881,0,false,
family_000882,0,false,
family_000883,0,false,
family_000884,0,false,
family_000885,0,false,
family_000886,0,false,
family_000887,0,false,
family_000888,0,false,
family_000889,0,false,
family_000890,0,false,
family_000891,0,false,
family_000892,0,false,
family_000893,0,false,
family_000894,0,false,
family_000895,0,false,
family_000896,0,false,
family_000897,0,false,
family_000898,0,false,
family_000899,0,false,
family_000900,0,false,
family_000901,0,false,
family_000902,0,false,
family_000903,0,false,
family_000904,0,false,
family_000905,0,false,
family_000906,0,false,
family_000907,0,false,
family_000908,0,false,
family_000909,0,false,
family_000910,0,false,
family_000911,0,false,
family_000912,0,false,
family_000913,0,false,
family_000914,0,false,
family_000915,0,false,
family_000916,0,false,
family_000917,0,false,
family_000918,0,false,
family_000919,0,false,
family_000920,0,false,
family_000921,0,false,
family_000922,0,false,
family_000923,0,false,
family_000924,0,false,
family_000925,0,false,
family_000926,0,false,
family_000927,0,false,
family_000928,0,false,
family_000929,0,false,
family_000930,0,false,
family_000931,0,false,
family_000932,0,false,
family_000933,0,false,
family_000934,0,false,
family_000935,0,false,
family_000936,0,false,
family_000937,0,false,
family_000938,0,false,
family_000939,0,false,
family_000940,0,false,
family_000941,0,false,
family_000942,0,false,
family_000943,0,false,
family_000944,0,false,
family_000945,0,false,
family_000946,0,false,
family_000947,0,false,
family_000948,0,false,
family_000949,0,false,
family_000950,0,false,
family_000951,0,false,
family_000952,0,false,
family_000953,0,false,
family_000954,0,false,
family_000955,0,false,
family_000956,0,false,
family_000957,0,false,
family_000958,0,false,
family_000959,0,false,
family_000960,0,false,
family_000961,0,false,
family_000962,0,false,
family_000963,0,false,
family_000964,0,false,
family_000965,0,false,
family_000966,0,false,
family_000967,0,false,
family_000968,0,false,
family_000969,0,false,
family_000970,0,false,
family_000971,0,false,
family_000972,0,false,
family_000973,0,false,
family_000974,0,false,
family_000975,0,false,
family_000976,0,false,
family_000977,0,false,
family_000978,0,false,
family_000979,0,false,
family_000980,0,false,
family_000981,0,false,
family_000982,0,false,
family_000983,0,false,
family_000984,0,false,
family_000985,0,false,
family_000986,0,false,
family_000987,0,false,
family_000988,0,false,
family_000989,0,false,
family_000990,0,false,
family_000991,0,false,
family_000992,0,false,
family_000993,0,false,
family_000994,0,false,
family_000995,0,false,
family_000996,0,false,
family_000997,0,false,
family_000998,0,false,
family_000999,0,false,
family_001000,0,false,
family_001001,0,false,
family_001002,0,false,
family_001003,0,false,
family_001004,0,false,
family_001005,0,false,
family_001006,0,false,
family_001007,0,false,
family_001008,0,false,
family_001009,0,false,
family_001010,0,false,
family_001011,0,false,
family_001012,0,false,
family_001013,0,false,
family_001014,0,false,
family_001015,0,false,
family_001016,0,false,
family_001017,0,false,
family_001018,0,false,
family_001019,0,false,
family_001020,0,false,
family_001021,0,false,
family_001022,0,false,
family_001023,0,false,
family_001024,0,false,
family_001025,0,false,
family_001026,0,false,
family_001027,0,false,
family_001028,0,false,
family_001029,0,false,
family_001030,0,false,
family_001031,0,false,
family_001032,0,false,
family_001033,0,false,
family_001034,0,false,
family_001035,0,false,
family_001036,0,false,
family_001037,0,false,
family_001038,90,true,одна карта связана минимум с четырьмя семьями; доля возвратов не ниже 50%; повторяющиеся уценённые SKU в коротком окне
family_001039,0,false,
family_001040,0,false,
family_001041,0,false,
family_001042,0,false,
family_001043,0,false,
family_001044,0,false,
family_001045,0,false,
family_001046,0,false,
family_001047,0,false,
family_001048,0,false,
family_001049,0,false,
family_001050,0,false,
family_001051,0,false,
family_001052,0,false,
family_001053,0,false,
family_001054,0,false,
family_001055,0,false,
family_001056,0,false,
family_001057,0,false,
family_001058,0,false,
family_001059,0,false,
family_001060,0,false,
family_001061,0,false,
family_001062,0,false,
family_001063,0,false,
family_001064,0,false,
family_001065,0,false,
family_001066,0,false,
family_001067,0,false,
family_001068,0,false,
family_001069,0,false,
family_001070,0,false,
family_001071,0,false,
family_001072,0,false,
family_001073,0,false,
family_001074,0,false,
family_001075,0,false,
family_001076,0,false,
family_001077,0,false,
family_001078,0,false,
family_001079,0,false,
family_001080,0,false,
family_001081,0,false,
family_001082,0,false,
family_001083,0,false,
family_001084,0,false,
family_001085,0,false,
family_001086,0,false,
family_001087,0,false,
family_001088,0,false,
family_001089,0,false,
family_001090,0,false,
family_001091,0,false,
family_001092,0,false,
family_001093,0,false,
family_001094,0,false,
family_001095,0,false,
family_001096,0,false,
family_001097,0,false,
family_001098,0,false,
family_001099,0,false,
family_001100,0,false,
family_001101,0,false,
family_001102,0,false,
family_001103,0,false,
family_001104,0,false,
family_001105,0,false,
family_001106,0,false,
family_001107,0,false,
family_001108,0,false,
family_001109,0,false,
family_001110,0,false,
family_001111,0,false,
family_001112,0,false,
family_001113,0,false,
family_001114,0,false,
family_001115,0,false,
family_001116,0,false,
family_001117,0,false,
family_001118,0,false,
family_001119,0,false,
family_001120,0,false,
family_001121,0,false,
family_001122,0,false,
family_001123,0,false,
family_001124,0,false,
family_001125,0,false,
family_001126,0,false,
family_001127,0,false,
family_001128,0,false,
family_001129,0,false,
family_001130,0,false,
family_001131,0,false,
family_001132,0,false,
family_001133,0,false,
family_001134,0,false,
family_001135,0,false,
family_001136,0,false,
family_001137,0,false,
family_001138,0,false,
family_001139,0,false,
family_001140,0,false,
family_001141,0,false,
family_001142,0,false,
family_001143,0,false,
family_001144,0,false,
family_001145,0,false,
family_001146,0,false,
family_001147,0,false,
family_001148,0,false,
family_001149,0,false,
family_001150,0,false,
family_001151,0,false,
family_001152,0,false,
family_001153,0,false,
family_001154,0,false,
family_001155,0,false,
family_001156,0,false,
family_001157,0,false,
family_001158,0,false,
family_001159,0,false,
family_001160,0,false,
family_001161,0,false,
family_001162,0,false,
family_001163,0,false,
family_001164,0,false,
family_001165,0,false,
family_001166,0,false,
family_001167,0,false,
family_001168,0,false,
family_001169,0,false,
family_001170,0,false,
family_001171,0,false,
family_001172,0,false,
family_001173,0,false,
family_001174,0,false,
family_001175,0,false,
family_001176,0,false,
family_001177,0,false,
family_001178,0,false,
family_001179,0,false,
family_001180,0,false,
family_001181,0,false,
family_001182,0,false,
family_001183,0,false,
family_001184,0,false,
family_001185,0,false,
family_001186,0,false,
family_001187,0,false,
family_001188,0,false,
family_001189,0,false,
family_001190,0,false,
family_001191,0,false,
family_001192,0,false,
family_001193,0,false,
family_001194,0,false,
family_001195,0,false,
family_001196,0,false,
family_001197,0,false,
family_001198,0,false,
family_001199,0,false,
family_001200,0,false,
family_001201,0,false,
family_001202,0,false,
family_001203,0,false,
family_001204,0,false,
family_001205,0,false,
family_001206,0,false,
family_001207,0,false,
family_001208,0,false,
family_001209,0,false,
family_001210,0,false,
family_001211,90,true,одна карта связана минимум с четырьмя семьями; доля возвратов не ниже 50%; повторяющиеся уценённые SKU в коротком окне
family_001212,0,false,
family_001213,0,false,
family_001214,0,false,
family_001215,0,false,
family_001216,0,false,
family_001217,0,false,
family_001218,0,false,
family_001219,0,false,
family_001220,0,false,
family_001221,0,false,
family_001222,0,false,
family_001223,0,false,
family_001224,0,false,
family_001225,0,false,
family_001226,0,false,
family_001227,0,false,
family_001228,0,false,
family_001229,0,false,
family_001230,0,false,
family_001231,0,false,
family_001232,0,false,
family_001233,0,false,
family_001234,0,false,
family_001235,0,false,
family_001236,0,false,
family_001237,0,false,
family_001238,0,false,
family_001239,0,false,
family_001240,0,false,
family_001241,0,false,
family_001242,0,false,
family_001243,0,false,
family_001244,0,false,
family_001245,0,false,
family_001246,0,false,
family_001247,0,false,
family_001248,0,false,
family_001249,0,false,
family_001250,0,false,
family_001251,0,false,
family_001252,0,false,
family_001253,0,false,
family_001254,0,false,
family_001255,0,false,
family_001256,0,false,
family_001257,0,false,
family_001258,0,false,
family_001259,0,false,
family_001260,0,false,
family_001261,0,false,
family_001262,0,false,
family_001263,0,false,
family_001264,0,false,
family_001265,0,false,
family_001266,0,false,
family_001267,0,false,
family_001268,0,false,
family_001269,0,false,
family_001270,0,false,
family_001271,0,false,
family_001272,0,false,
family_001273,0,false,
family_001274,0,false,
family_001275,0,false,
family_001276,0,false,
family_001277,0,false,
family_001278,0,false,
family_001279,0,false,
family_001280,0,false,
family_001281,0,false,
family_001282,0,false,
family_001283,0,false,
family_001284,0,false,
family_001285,0,false,
family_001286,0,false,
family_001287,0,false,
family_001288,0,false,
family_001289,0,false,
family_001290,0,false,
family_001291,0,false,
family_001292,0,false,
family_001293,0,false,
family_001294,0,false,
family_001295,0,false,
family_001296,0,false,
family_001297,0,false,
family_001298,0,false,
family_001299,0,false,
family_001300,0,false,
family_001301,0,false,
family_001302,0,false,
family_001303,0,false,
family_001304,0,false,
family_001305,0,false,
family_001306,0,false,
family_001307,0,false,
family_001308,0,false,
family_001309,0,false,
family_001310,0,false,
family_001311,0,false,
family_001312,0,false,
family_001313,0,false,
family_001314,0,false,
family_001315,0,false,
family_001316,0,false,
family_001317,0,false,
family_001318,0,false,
family_001319,0,false,
family_001320,0,false,
family_001321,0,false,
family_001322,0,false,
family_001323,0,false,
family_001324,0,false,
family_001325,0,false,
family_001326,0,false,
family_001327,0,false,
family_001328,0,false,
family_001329,0,false,
family_001330,0,false,
family_001331,0,false,
family_001332,0,false,
family_001333,0,false,
family_001334,0,false,
family_001335,0,false,
family_001336,0,false,
family_001337,0,false,
family_001338,0,false,
family_001339,0,false,
family_001340,0,false,
family_001341,0,false,
family_001342,0,false,
family_001343,0,false,
family_001344,0,false,
family_001345,0,false,
family_001346,0,false,
family_001347,0,false,
family_001348,0,false,
family_001349,0,false,
family_001350,0,false,
family_001351,0,false,
family_001352,0,false,
family_001353,0,false,
family_001354,0,false,
family_001355,0,false,
family_001356,0,false,
family_001357,0,false,
family_001358,0,false,
family_001359,0,false,
family_001360,0,false,
family_001361,0,false,
family_001362,0,false,
family_001363,0,false,
family_001364,0,false,
family_001365,0,false,
family_001366,0,false,
family_001367,0,false,
family_001368,0,false,
family_001369,0,false,
family_001370,0,false,
family_001371,0,false,
family_001372,0,false,
family_001373,0,false,
family_001374,0,false,
family_001375,0,false,
family_001376,0,false,
family_001377,0,false,
family_001378,0,false,
family_001379,0,false,
family_001380,0,false,
family_001381,0,false,
family_001382,0,false,
family_001383,0,false,
family_001384,90,true,одна карта связана минимум с четырьмя семьями; доля возвратов не ниже 50%; повторяющиеся уценённые SKU в коротком окне
family_001385,0,false,
family_001386,0,false,
family_001387,0,false,
family_001388,0,false,
family_001389,0,false,
family_001390,0,false,
family_001391,0,false,
family_001392,0,false,
family_001393,0,false,
family_001394,0,false,
family_001395,0,false,
family_001396,0,false,
family_001397,0,false,
family_001398,0,false,
family_001399,0,false,
family_001400,0,false,
family_001401,0,false,
family_001402,0,false,
family_001403,0,false,
family_001404,0,false,
family_001405,0,false,
family_001406,0,false,
family_001407,0,false,
family_001408,0,false,
family_001409,0,false,
family_001410,0,false,
family_001411,0,false,
family_001412,0,false,
family_001413,0,false,
family_001414,0,false,
family_001415,0,false,
family_001416,0,false,
family_001417,0,false,
family_001418,0,false,
family_001419,0,false,
family_001420,0,false,
family_001421,0,false,
family_001422,0,false,
family_001423,0,false,
family_001424,0,false,
family_001425,0,false,
family_001426,0,false,
family_001427,0,false,
family_001428,0,false,
family_001429,0,false,
family_001430,0,false,
family_001431,0,false,
family_001432,0,false,
family_001433,0,false,
family_001434,0,false,
family_001435,0,false,
family_001436,0,false,
family_001437,0,false,
family_001438,0,false,
family_001439,0,false,
family_001440,0,false,
family_001441,0,false,
family_001442,0,false,
family_001443,0,false,
family_001444,0,false,
family_001445,0,false,
family_001446,0,false,
family_001447,0,false,
family_001448,0,false,
family_001449,0,false,
family_001450,0,false,
family_001451,0,false,
family_001452,0,false,
family_001453,0,false,
family_001454,0,false,
family_001455,0,false,
family_001456,0,false,
family_001457,0,false,
family_001458,0,false,
family_001459,0,false,
family_001460,0,false,
family_001461,0,false,
family_001462,0,false,
family_001463,0,false,
family_001464,0,false,
family_001465,0,false,
family_001466,0,false,
family_001467,0,false,
family_001468,0,false,
family_001469,0,false,
family_001470,0,false,
family_001471,0,false,
family_001472,0,false,
family_001473,0,false,
family_001474,0,false,
family_001475,0,false,
family_001476,0,false,
family_001477,0,false,
family_001478,0,false,
family_001479,0,false,
family_001480,0,false,
family_001481,0,false,
family_001482,0,false,
family_001483,0,false,
family_001484,0,false,
family_001485,0,false,
family_001486,0,false,
family_001487,0,false,
family_001488,0,false,
family_001489,0,false,
family_001490,0,false,
family_001491,0,false,
family_001492,0,false,
family_001493,0,false,
family_001494,0,false,
family_001495,0,false,
family_001496,0,false,
family_001497,0,false,
family_001498,0,false,
family_001499,0,false,
family_001500,0,false,
family_001501,0,false,
family_001502,0,false,
family_001503,0,false,
family_001504,0,false,
family_001505,0,false,
family_001506,0,false,
family_001507,0,false,
family_001508,0,false,
family_001509,0,false,
family_001510,0,false,
family_001511,0,false,
family_001512,0,false,
family_001513,0,false,
family_001514,0,false,
family_001515,0,false,
family_001516,0,false,
family_001517,0,false,
family_001518,0,false,
family_001519,0,false,
family_001520,0,false,
family_001521,0,false,
family_001522,0,false,
family_001523,0,false,
family_001524,0,false,
family_001525,0,false,
family_001526,0,false,
family_001527,0,false,
family_001528,0,false,
family_001529,0,false,
family_001530,0,false,
family_001531,0,false,
family_001532,0,false,
family_001533,0,false,
family_001534,0,false,
family_001535,0,false,
family_001536,0,false,
family_001537,0,false,
family_001538,0,false,
family_001539,0,false,
family_001540,0,false,
family_001541,0,false,
family_001542,0,false,
family_001543,0,false,
family_001544,0,false,
family_001545,0,false,
family_001546,0,false,
family_001547,0,false,
family_001548,0,false,
family_001549,0,false,
family_001550,0,false,
family_001551,0,false,
family_001552,0,false,
family_001553,0,false,
family_001554,0,false,
family_001555,0,false,
family_001556,0,false,
family_001557,90,true,одна карта связана минимум с четырьмя семьями; доля возвратов не ниже 50%; повторяющиеся уценённые SKU в коротком окне
family_001558,0,false,
family_001559,0,false,
family_001560,0,false,
family_001561,0,false,
family_001562,0,false,
family_001563,0,false,
family_001564,0,false,
family_001565,0,false,
family_001566,0,false,
family_001567,0,false,
family_001568,0,false,
family_001569,0,false,
family_001570,0,false,
family_001571,0,false,
family_001572,0,false,
family_001573,0,false,
family_001574,0,false,
family_001575,0,false,
family_001576,0,false,
family_001577,0,false,
family_001578,0,false,
family_001579,0,false,
family_001580,0,false,
family_001581,0,false,
family_001582,0,false,
family_001583,0,false,
family_001584,0,false,
family_001585,0,false,
family_001586,0,false,
family_001587,0,false,
family_001588,0,false,
family_001589,0,false,
family_001590,0,false,
family_001591,0,false,
family_001592,0,false,
family_001593,0,false,
family_001594,0,false,
family_001595,0,false,
family_001596,0,false,
family_001597,0,false,
family_001598,0,false,
family_001599,0,false,
family_001600,0,false,
family_001601,0,false,
family_001602,0,false,
family_001603,0,false,
family_001604,0,false,
family_001605,0,false,
family_001606,0,false,
family_001607,0,false,
family_001608,0,false,
family_001609,0,false,
family_001610,0,false,
family_001611,0,false,
family_001612,0,false,
family_001613,0,false,
family_001614,0,false,
family_001615,0,false,
family_001616,0,false,
family_001617,0,false,
family_001618,0,false,
family_001619,0,false,
family_001620,0,false,
family_001621,0,false,
family_001622,0,false,
family_001623,0,false,
family_001624,0,false,
family_001625,0,false,
family_001626,0,false,
family_001627,0,false,
family_001628,0,false,
family_001629,0,false,
family_001630,0,false,
family_001631,0,false,
family_001632,0,false,
family_001633,0,false,
family_001634,0,false,
family_001635,0,false,
family_001636,0,false,
family_001637,0,false,
family_001638,0,false,
family_001639,0,false,
family_001640,0,false,
family_001641,0,false,
family_001642,0,false,
family_001643,0,false,
family_001644,0,false,
family_001645,0,false,
family_001646,0,false,
family_001647,0,false,
family_001648,0,false,
family_001649,0,false,
family_001650,0,false,
family_001651,0,false,
family_001652,0,false,
family_001653,0,false,
family_001654,0,false,
family_001655,0,false,
family_001656,0,false,
family_001657,0,false,
family_001658,0,false,
family_001659,0,false,
family_001660,0,false,
family_001661,0,false,
family_001662,0,false,
family_001663,0,false,
family_001664,0,false,
family_001665,0,false,
family_001666,0,false,
family_001667,0,false,
family_001668,0,false,
family_001669,0,false,
family_001670,0,false,
family_001671,0,false,
family_001672,0,false,
family_001673,0,false,
family_001674,0,false,
family_001675,0,false,
family_001676,0,false,
family_001677,0,false,
family_001678,0,false,
family_001679,0,false,
family_001680,0,false,
family_001681,0,false,
family_001682,0,false,
family_001683,0,false,
family_001684,0,false,
family_001685,0,false,
family_001686,0,false,
family_001687,0,false,
family_001688,0,false,
family_001689,0,false,
family_001690,0,false,
family_001691,0,false,
family_001692,0,false,
family_001693,0,false,
family_001694,0,false,
family_001695,0,false,
family_001696,0,false,
family_001697,0,false,
family_001698,0,false,
family_001699,0,false,
family_001700,0,false,
family_001701,0,false,
family_001702,0,false,
family_001703,0,false,
family_001704,0,false,
family_001705,0,false,
family_001706,0,false,
family_001707,0,false,
family_001708,0,false,
family_001709,0,false,
family_001710,0,false,
family_001711,0,false,
family_001712,0,false,
family_001713,0,false,
family_001714,0,false,
family_001715,0,false,
family_001716,0,false,
family_001717,0,false,
family_001718,0,false,
family_001719,0,false,
family_001720,0,false,
family_001721,0,false,
family_001722,0,false,
family_001723,0,false,
family_001724,0,false,
family_001725,0,false,
family_001726,0,false,
family_001727,0,false,
family_001728,0,false,
family_001729,0,false,
family_001730,90,true,одна карта связана минимум с четырьмя семьями; доля возвратов не ниже 50%; повторяющиеся уценённые SKU в коротком окне
family_001731,0,false,
family_001732,0,false,
family_001733,0,false,
family_001734,0,false,
family_001735,0,false,
family_001736,0,false,
family_001737,0,false,
family_001738,0,false,
family_001739,0,false,
family_001740,0,false,
family_001741,0,false,
family_001742,0,false,
family_001743,0,false,
family_001744,0,false,
family_001745,0,false,
family_001746,0,false,
family_001747,0,false,
family_001748,0,false,
family_001749,0,false,
family_001750,0,false,
family_001751,0,false,
family_001752,0,false,
family_001753,0,false,
family_001754,0,false,
family_001755,0,false,
family_001756,0,false,
family_001757,0,false,
family_001758,0,false,
family_001759,0,false,
family_001760,0,false,
family_001761,0,false,
family_001762,0,false,
family_001763,0,false,
family_001764,0,false,
family_001765,0,false,
family_001766,0,false,
family_001767,0,false,
family_001768,0,false,
family_001769,0,false,
family_001770,0,false,
family_001771,0,false,
family_001772,0,false,
family_001773,0,false,
family_001774,0,false,
family_001775,0,false,
family_001776,0,false,
family_001777,0,false,
family_001778,0,false,
family_001779,0,false,
family_001780,0,false,
family_001781,0,false,
family_001782,0,false,
family_001783,0,false,
family_001784,0,false,
family_001785,0,false,
family_001786,0,false,
family_001787,0,false,
family_001788,0,false,
family_001789,0,false,
family_001790,0,false,
family_001791,0,false,
family_001792,0,false,
family_001793,0,false,
family_001794,0,false,
family_001795,0,false,
family_001796,0,false,
family_001797,0,false,
family_001798,0,false,
family_001799,0,false,
family_001800,0,false,
family_001801,0,false,
family_001802,0,false,
family_001803,0,false,
family_001804,0,false,
family_001805,0,false,
family_001806,0,false,
family_001807,0,false,
family_001808,0,false,
family_001809,0,false,
family_001810,0,false,
family_001811,0,false,
family_001812,0,false,
family_001813,0,false,
family_001814,0,false,
family_001815,0,false,
family_001816,0,false,
family_001817,0,false,
family_001818,0,false,
family_001819,0,false,
family_001820,0,false,
family_001821,0,false,
family_001822,0,false,
family_001823,0,false,
family_001824,0,false,
family_001825,0,false,
family_001826,0,false,
family_001827,0,false,
family_001828,0,false,
family_001829,0,false,
family_001830,0,false,
family_001831,0,false,
family_001832,0,false,
family_001833,0,false,
family_001834,0,false,
family_001835,0,false,
family_001836,0,false,
family_001837,0,false,
family_001838,0,false,
family_001839,0,false,
family_001840,0,false,
family_001841,0,false,
family_001842,0,false,
family_001843,0,false,
family_001844,0,false,
family_001845,0,false,
family_001846,0,false,
family_001847,0,false,
family_001848,0,false,
family_001849,0,false,
family_001850,0,false,
family_001851,0,false,
family_001852,0,false,
family_001853,0,false,
family_001854,0,false,
family_001855,0,false,
family_001856,0,false,
family_001857,0,false,
family_001858,0,false,
family_001859,0,false,
family_001860,0,false,
family_001861,0,false,
family_001862,0,false,
family_001863,0,false,
family_001864,0,false,
family_001865,0,false,
family_001866,0,false,
family_001867,0,false,
family_001868,0,false,
family_001869,0,false,
family_001870,0,false,
family_001871,0,false,
family_001872,0,false,
family_001873,0,false,
family_001874,0,false,
family_001875,0,false,
family_001876,0,false,
family_001877,0,false,
family_001878,0,false,
family_001879,0,false,
family_001880,0,false,
family_001881,0,false,
family_001882,0,false,
family_001883,0,false,
family_001884,0,false,
family_001885,0,false,
family_001886,0,false,
family_001887,0,false,
family_001888,0,false,
family_001889,0,false,
family_001890,0,false,
family_001891,0,false,
family_001892,0,false,
family_001893,0,false,
family_001894,0,false,
family_001895,0,false,
family_001896,0,false,
family_001897,0,false,
family_001898,0,false,
family_001899,0,false,
family_001900,0,false,
family_001901,0,false,
family_001902,0,false,
family_001903,90,true,одна карта связана минимум с четырьмя семьями; доля возвратов не ниже 50%; повторяющиеся уценённые SKU в коротком окне
family_001904,0,false,
family_001905,0,false,
family_001906,0,false,
family_001907,0,false,
family_001908,0,false,
family_001909,0,false,
family_001910,0,false,
family_001911,0,false,
family_001912,0,false,
family_001913,0,false,
family_001914,0,false,
family_001915,0,false,
family_001916,0,false,
family_001917,0,false,
family_001918,0,false,
family_001919,0,false,
family_001920,0,false,
family_001921,0,false,
family_001922,0,false,
family_001923,0,false,
family_001924,0,false,
family_001925,0,false,
family_001926,0,false,
family_001927,0,false,
family_001928,0,false,
family_001929,0,false,
family_001930,0,false,
family_001931,0,false,
family_001932,0,false,
family_001933,0,false,
family_001934,0,false,
family_001935,0,false,
family_001936,0,false,
family_001937,0,false,
family_001938,0,false,
family_001939,0,false,
family_001940,0,false,
family_001941,0,false,
family_001942,0,false,
family_001943,0,false,
family_001944,0,false,
family_001945,0,false,
family_001946,0,false,
family_001947,0,false,
family_001948,0,false,
family_001949,0,false,
family_001950,0,false,
family_001951,0,false,
family_001952,0,false,
family_001953,0,false,
family_001954,0,false,
family_001955,0,false,
family_001956,0,false,
family_001957,0,false,
family_001958,0,false,
family_001959,0,false,
family_001960,0,false,
family_001961,0,false,
family_001962,0,false,
family_001963,0,false,
family_001964,0,false,
family_001965,0,false,
family_001966,0,false,
family_001967,0,false,
family_001968,0,false,
family_001969,0,false,
family_001970,0,false,
family_001971,0,false,
family_001972,0,false,
family_001973,0,false,
family_001974,0,false,
family_001975,0,false,
family_001976,0,false,
family_001977,0,false,
family_001978,0,false,
family_001979,0,false,
family_001980,0,false,
family_001981,0,false,
family_001982,0,false,
family_001983,0,false,
family_001984,0,false,
family_001985,0,false,
family_001986,0,false,
family_001987,0,false,
family_001988,0,false,
family_001989,0,false,
family_001990,0,false,
family_001991,0,false,
family_001992,0,false,
family_001993,0,false,
family_001994,0,false,
family_001995,0,false,
family_001996,0,false,
family_001997,0,false,
family_001998,0,false,
family_001999,0,false,
