review_id,assessor_id,option_a_relevance_1_5,option_a_feasibility_1_5,option_a_clarity_1_5,option_a_usefulness_1_5,option_a_safety_1_5,option_b_relevance_1_5,option_b_feasibility_1_5,option_b_clarity_1_5,option_b_usefulness_1_5,option_b_safety_1_5,preferred_option,comment
review_001,,,,,,,,,,,,,
review_002,,,,,,,,,,,,,
review_003,,,,,,,,,,,,,
review_004,,,,,,,,,,,,,
review_005,,,,,,,,,,,,,
review_006,,,,,,,,,,,,,
review_007,,,,,,,,,,,,,
review_008,,,,,,,,,,,,,
review_009,,,,,,,,,,,,,
review_010,,,,,,,,,,,,,
review_011,,,,,,,,,,,,,
review_012,,,,,,,,,,,,,
review_013,,,,,,,,,,,,,
review_014,,,,,,,,,,,,,
review_015,,,,,,,,,,,,,
review_016,,,,,,,,,,,,,
review_017,,,,,,,,,,,,,
review_018,,,,,,,,,,,,,
review_019,,,,,,,,,,,,,
review_020,,,,,,,,,,,,,
review_021,,,,,,,,,,,,,
review_022,,,,,,,,,,,,,
review_023,,,,,,,,,,,,,
review_024,,,,,,,,,,,,,
review_025,,,,,,,,,,,,,
review_026,,,,,,,,,,,,,
review_027,,,,,,,,,,,,,
review_028,,,,,,,,,,,,,
review_029,,,,,,,,,,,,,
review_030,,,,,,,,,,,,,
review_031,,,,,,,,,,,,,
review_032,,,,,,,,,,,,,
review_033,,,,,,,,,,,,,
review_034,,,,,,,,,,,,,
review_035,,,,,,,,,,,,,
review_036,,,,,,,,,,,,,
review_037,,,,,,,,,,,,,
review_038,,,,,,,,,,,,,
review_039,,,,,,,,,,,,,
review_040,,,,,,,,,,,,,
