user_id,family_id,network_home,x5_segment,is_app_user,behavior_type,child_stage,city_bucket,base_freq_per_week,avg_check_rub,promo_share,markdown_share,top_categories
u_ivanovy,family_ivanovy,ТС5,дети до 3,true,хозяин,6-9,7,2.4,676.8,0.3,0.05,подгузники;детская гигиена;молочка;фрукты;хлеб
u_dima,family_dima,ТСЧ,дети до 3,true,охотник,2-3,12,2.1,853.2,0.5,0.25,молочка;хлеб;фрукты;подгузники;готовая еда
u_000013,family_000013,ТС5,дети до 3,true,хозяин,9-12,18,2.79,676.8,0.3,0.05,подгузники;хлеб;молочка;детские каши;детская гигиена
u_000014,family_000014,ТС5,дети до 3,true,хозяин,9-12,17,2.64,676.8,0.3,0.05,фрукты;подгузники;молочка;детские каши;хлеб
u_000025,family_000025,ТС5,дети до 3,true,хозяин,1-2,2,1.75,676.8,0.3,0.05,подгузники;детские каши;молочка;детская гигиена;фрукты
u_000027,family_000027,ТСЧ,дети до 3,true,охотник,9-12,2,1.58,853.2,0.5,0.25,детские каши;фрукты;детская гигиена;подгузники;молочка
u_000029,family_000029,ТС5,дети до 3,true,охотник,9-12,7,2.5,676.8,0.5,0.25,молочка;детская гигиена;хлеб;фрукты;подгузники
u_000049,family_000049,ТСЧ,дети до 3,true,охотник,1-2,16,2.1,853.2,0.5,0.25,детская гигиена;подгузники;фрукты;хлеб;детские каши
u_000057,family_000057,ТС5,дети до 3,true,хозяин,9-12,13,2.59,676.8,0.3,0.05,детские каши;детская гигиена;подгузники;фрукты;хлеб
u_000058,family_000058,ТС5,дети до 3,true,категорийный,6-9,2,1.89,676.8,0.3,0.05,молочка;детская гигиена;детские каши;фрукты;хлеб
u_000059,family_000059,ТСХ,дети до 3,true,охотник,1-2,9,2.75,1053.6,0.5,0.25,детские каши;подгузники;фрукты;детская гигиена;хлеб
u_000061,family_000061,ТС5,дети до 3,true,охотник,6-9,15,2.55,676.8,0.5,0.25,молочка;детская гигиена;подгузники;детские каши;фрукты
u_000067,family_000067,ТС5,дети до 3,true,хозяин,1-2,11,1.77,676.8,0.3,0.05,детская гигиена;молочка;фрукты;хлеб;детские каши
u_000084,family_000084,ТСЧ,дети до 3,true,охотник,6-9,16,2.28,853.2,0.5,0.25,детские каши;молочка;детская гигиена;фрукты;хлеб
u_000085,family_000085,ТС5,дети до 3,true,хозяин,9-12,14,2.0,676.8,0.3,0.05,хлеб;подгузники;детская гигиена;детские каши;молочка
u_000087,family_000087,ТСЧ,дети до 3,true,охотник,0-6,18,2.19,853.2,0.5,0.25,подгузники;детская гигиена;молочка;детские каши;фрукты
u_000091,family_000091,ТС5,дети до 3,true,хозяин,1-2,18,1.72,676.8,0.3,0.05,детская гигиена;фрукты;хлеб;подгузники;детские каши
u_000093,family_000093,ТС5,дети до 3,true,хозяин,2-3,13,2.18,676.8,0.3,0.05,молочка;детская гигиена;фрукты;хлеб;детские каши
u_000096,family_000096,ТС5,дети до 3,true,хозяин,1-2,9,2.01,676.8,0.3,0.05,хлеб;детские каши;подгузники;детская гигиена;молочка
u_000101,family_000101,ТС5,дети до 3,true,хозяин,9-12,1,2.85,676.8,0.3,0.05,детские каши;молочка;детская гигиена;подгузники;хлеб
u_000106,family_000106,ТС5,дети до 3,true,охотник,6-9,3,2.86,676.8,0.5,0.25,молочка;детские каши;детская гигиена;подгузники;хлеб
u_000108,family_000108,ТСХ,дети до 3,true,хозяин,0-6,5,2.63,1053.6,0.3,0.05,детская гигиена;детские каши;молочка;подгузники;хлеб
u_000109,family_000109,ТС5,дети до 3,true,хозяин,9-12,19,2.07,676.8,0.3,0.05,хлеб;молочка;подгузники;фрукты;детские каши
u_000110,family_000110,ТС5,дети до 3,true,категорийный,9-12,20,1.83,676.8,0.3,0.05,подгузники;детские каши;молочка;фрукты;детская гигиена
u_000122,family_000122,ТС5,дети до 3,true,охотник,9-12,13,2.99,676.8,0.5,0.25,фрукты;молочка;детские каши;хлеб;детская гигиена
u_000124,family_000124,ТС5,дети до 3,true,хозяин,0-6,11,2.14,676.8,0.3,0.05,хлеб;молочка;фрукты;подгузники;детская гигиена
u_000126,family_000126,ТСЧ,дети до 3,true,охотник,1-2,12,2.81,853.2,0.5,0.25,детские каши;подгузники;молочка;хлеб;детская гигиена
u_000127,family_000127,ТС5,дети до 3,true,хозяин,1-2,8,2.77,676.8,0.3,0.05,молочка;фрукты;хлеб;подгузники;детская гигиена
u_000130,family_000130,ТС5,дети до 3,true,хозяин,2-3,7,2.06,676.8,0.3,0.05,детские каши;молочка;детская гигиена;хлеб;фрукты
u_000132,family_000132,ТС5,дети до 3,true,хозяин,2-3,15,2.12,676.8,0.3,0.05,детская гигиена;фрукты;подгузники;хлеб;молочка
u_000133,family_000133,ТС5,дети до 3,true,охотник,2-3,10,1.57,676.8,0.5,0.25,детские каши;фрукты;подгузники;хлеб;молочка
u_000138,family_000138,ТС5,дети до 3,true,охотник,1-2,10,2.62,676.8,0.5,0.25,детская гигиена;молочка;хлеб;подгузники;фрукты
u_000142,family_000142,ТС5,дети до 3,true,охотник,2-3,2,2.03,676.8,0.5,0.25,подгузники;молочка;детские каши;детская гигиена;хлеб
u_000144,family_000144,ТСЧ,дети до 3,true,хозяин,2-3,16,2.25,853.2,0.3,0.05,подгузники;детские каши;хлеб;детская гигиена;фрукты
u_000146,family_000146,ТСЧ,дети до 3,true,охотник,2-3,2,2.68,853.2,0.5,0.25,хлеб;молочка;подгузники;детская гигиена;детские каши
u_000148,family_000148,ТС5,дети до 3,true,охотник,6-9,20,2.56,676.8,0.5,0.25,подгузники;молочка;детские каши;фрукты;детская гигиена
u_000151,family_000151,ТС5,дети до 3,true,охотник,2-3,2,2.49,676.8,0.5,0.25,фрукты;детская гигиена;детские каши;подгузники;молочка
u_000162,family_000162,ТС5,дети до 3,true,охотник,2-3,18,1.53,676.8,0.5,0.25,детские каши;подгузники;хлеб;детская гигиена;молочка
u_000163,family_000163,ТСХ,дети до 3,true,хозяин,6-9,4,2.66,1053.6,0.3,0.05,хлеб;молочка;детская гигиена;подгузники;детские каши
u_000166,family_000166,ТСЧ,дети до 3,true,хозяин,6-9,10,2.04,853.2,0.3,0.05,подгузники;молочка;фрукты;хлеб;детская гигиена
u_000169,family_000169,ТС5,дети до 3,true,хозяин,2-3,14,1.75,676.8,0.3,0.05,детские каши;молочка;хлеб;подгузники;детская гигиена
u_000170,family_000170,ТС5,дети до 3,true,охотник,0-6,3,2.51,676.8,0.5,0.25,детские каши;молочка;детская гигиена;подгузники;фрукты
u_000174,family_000174,ТС5,дети до 3,true,хозяин,9-12,15,1.82,676.8,0.3,0.05,фрукты;молочка;детские каши;подгузники;хлеб
u_000179,family_000179,ТС5,дети до 3,true,охотник,9-12,5,2.82,676.8,0.5,0.25,фрукты;хлеб;детская гигиена;подгузники;детские каши
u_000181,family_000181,ТСЧ,дети до 3,true,хозяин,0-6,9,1.79,853.2,0.3,0.05,фрукты;молочка;детская гигиена;хлеб;детские каши
u_000184,family_000184,ТС5,дети до 3,true,хозяин,9-12,16,1.87,676.8,0.3,0.05,хлеб;детские каши;молочка;детская гигиена;подгузники
u_000190,family_000190,ТС5,дети до 3,true,категорийный,1-2,10,2.31,676.8,0.3,0.05,подгузники;детские каши;детская гигиена;фрукты;молочка
u_000191,family_000191,ТСХ,дети до 3,true,хозяин,2-3,18,1.79,1053.6,0.3,0.05,фрукты;молочка;подгузники;детская гигиена;хлеб
u_000195,family_000195,ТС5,дети до 3,true,хозяин,2-3,10,2.21,676.8,0.3,0.05,подгузники;молочка;фрукты;детские каши;хлеб
u_000196,family_000196,ТСЧ,дети до 3,true,охотник,0-6,20,2.21,853.2,0.5,0.25,хлеб;фрукты;детская гигиена;молочка;подгузники
u_000198,family_000198,ТС5,дети до 3,true,хозяин,1-2,7,2.12,676.8,0.3,0.05,фрукты;детские каши;подгузники;молочка;хлеб
u_000199,family_000199,ТС5,дети до 3,true,категорийный,1-2,17,2.07,676.8,0.3,0.05,детская гигиена;детские каши;молочка;фрукты;хлеб
u_000202,family_000202,ТС5,дети до 3,true,охотник,1-2,12,2.93,676.8,0.5,0.25,детская гигиена;молочка;подгузники;хлеб;детские каши
u_000203,family_000203,ТС5,дети до 3,true,хозяин,1-2,7,1.8,676.8,0.3,0.05,фрукты;молочка;хлеб;подгузники;детские каши
u_000204,family_000204,ТС5,дети до 3,true,хозяин,2-3,8,2.46,676.8,0.3,0.05,подгузники;хлеб;детские каши;детская гигиена;молочка
u_000215,family_000215,ТС5,дети до 3,true,хозяин,2-3,7,2.64,676.8,0.3,0.05,хлеб;фрукты;подгузники;молочка;детская гигиена
u_000218,family_000218,ТС5,дети до 3,true,хозяин,0-6,18,2.19,676.8,0.3,0.05,молочка;подгузники;детские каши;детская гигиена;фрукты
u_000219,family_000219,ТСХ,дети до 3,true,хозяин,9-12,3,2.31,1053.6,0.3,0.05,подгузники;хлеб;детские каши;фрукты;детская гигиена
u_000221,family_000221,ТС5,дети до 3,true,охотник,9-12,4,1.77,676.8,0.5,0.25,фрукты;детские каши;детская гигиена;молочка;подгузники
u_000224,family_000224,ТС5,дети до 3,true,хозяин,0-6,8,2.61,676.8,0.3,0.05,детские каши;хлеб;детская гигиена;молочка;подгузники
u_000236,family_000236,ТС5,дети до 3,true,хозяин,2-3,11,1.89,676.8,0.3,0.05,детские каши;хлеб;фрукты;подгузники;детская гигиена
u_000239,family_000239,ТС5,дети до 3,true,охотник,2-3,16,2.49,676.8,0.5,0.25,подгузники;хлеб;детские каши;фрукты;молочка
u_000243,family_000243,ТС5,дети до 3,true,охотник,6-9,3,2.25,676.8,0.5,0.25,детские каши;молочка;подгузники;фрукты;хлеб
u_000251,family_000251,ТСЧ,дети до 3,true,охотник,0-6,5,1.63,853.2,0.5,0.25,детские каши;хлеб;фрукты;подгузники;молочка
u_000252,family_000252,ТС5,дети до 3,true,охотник,9-12,13,1.52,676.8,0.5,0.25,детские каши;хлеб;подгузники;молочка;фрукты
u_000254,family_000254,ТС5,дети до 3,true,хозяин,0-6,12,1.88,676.8,0.3,0.05,детская гигиена;детские каши;хлеб;фрукты;подгузники
u_000256,family_000256,ТС5,дети до 3,true,охотник,1-2,11,1.77,676.8,0.5,0.25,детские каши;молочка;фрукты;хлеб;детская гигиена
u_000262,family_000262,ТС5,дети до 3,true,охотник,1-2,11,2.95,676.8,0.5,0.25,детские каши;подгузники;фрукты;хлеб;детская гигиена
u_000264,family_000264,ТСЧ,дети до 3,true,хозяин,0-6,4,2.75,853.2,0.3,0.05,хлеб;детская гигиена;молочка;фрукты;детские каши
u_000267,family_000267,ТС5,дети до 3,true,категорийный,6-9,13,2.44,676.8,0.3,0.05,детская гигиена;детские каши;фрукты;подгузники;молочка
u_000268,family_000268,ТС5,дети до 3,true,хозяин,6-9,7,1.92,676.8,0.3,0.05,хлеб;подгузники;фрукты;молочка;детские каши
u_000272,family_000272,ТС5,дети до 3,true,хозяин,2-3,6,2.33,676.8,0.3,0.05,детские каши;молочка;детская гигиена;подгузники;хлеб
u_000275,family_000275,ТС5,дети до 3,true,хозяин,1-2,19,2.61,676.8,0.3,0.05,детские каши;фрукты;подгузники;молочка;хлеб
u_000276,family_000276,ТС5,дети до 3,true,категорийный,2-3,2,2.64,676.8,0.3,0.05,детские каши;фрукты;детская гигиена;хлеб;подгузники
u_000279,family_000279,ТСЧ,дети до 3,true,охотник,2-3,18,1.75,853.2,0.5,0.25,хлеб;молочка;фрукты;детские каши;детская гигиена
u_000280,family_000280,ТСЧ,дети до 3,true,категорийный,0-6,5,2.94,853.2,0.3,0.05,детские каши;подгузники;молочка;хлеб;фрукты
u_000284,family_000284,ТС5,дети до 3,true,хозяин,9-12,11,2.74,676.8,0.3,0.05,молочка;фрукты;детская гигиена;хлеб;детские каши
u_000297,family_000297,ТСЧ,дети до 3,true,хозяин,2-3,14,2.14,853.2,0.3,0.05,детские каши;подгузники;детская гигиена;хлеб;фрукты
u_000298,family_000298,ТС5,дети до 3,true,хозяин,6-9,18,1.99,676.8,0.3,0.05,фрукты;подгузники;молочка;детские каши;детская гигиена
u_000300,family_000300,ТС5,дети до 3,true,хозяин,0-6,5,2.55,676.8,0.3,0.05,детская гигиена;детские каши;молочка;фрукты;хлеб
u_000304,family_000304,ТС5,дети до 3,true,хозяин,6-9,6,2.9,676.8,0.3,0.05,подгузники;фрукты;детские каши;хлеб;детская гигиена
u_000311,family_000311,ТСЧ,дети до 3,true,охотник,9-12,15,2.96,853.2,0.5,0.25,подгузники;фрукты;хлеб;молочка;детские каши
u_000313,family_000313,ТСЧ,дети до 3,true,категорийный,9-12,11,2.18,853.2,0.3,0.05,детская гигиена;подгузники;хлеб;фрукты;молочка
u_000322,family_000322,ТС5,дети до 3,true,хозяин,9-12,13,1.71,676.8,0.3,0.05,детская гигиена;фрукты;хлеб;молочка;подгузники
u_000330,family_000330,ТСЧ,дети до 3,true,категорийный,1-2,19,1.65,853.2,0.3,0.05,молочка;хлеб;детская гигиена;подгузники;детские каши
u_000336,family_000336,ТСЧ,дети до 3,true,хозяин,2-3,13,1.65,853.2,0.3,0.05,детские каши;фрукты;детская гигиена;подгузники;хлеб
u_000339,family_000339,ТС5,дети до 3,true,хозяин,9-12,7,2.96,676.8,0.3,0.05,детские каши;фрукты;молочка;хлеб;детская гигиена
u_000347,family_000347,ТСЧ,дети до 3,true,категорийный,6-9,7,2.71,853.2,0.3,0.05,детская гигиена;подгузники;детские каши;фрукты;хлеб
u_000350,family_000350,ТС5,дети до 3,true,охотник,0-6,4,2.34,676.8,0.5,0.25,подгузники;молочка;фрукты;детская гигиена;детские каши
u_000351,family_000351,ТС5,дети до 3,true,охотник,0-6,6,1.91,676.8,0.5,0.25,детская гигиена;фрукты;детские каши;подгузники;хлеб
u_000352,family_000352,ТСЧ,дети до 3,true,хозяин,1-2,9,2.85,853.2,0.3,0.05,подгузники;молочка;фрукты;детская гигиена;детские каши
u_000356,family_000356,ТС5,дети до 3,true,категорийный,6-9,9,2.05,676.8,0.3,0.05,детские каши;фрукты;хлеб;молочка;подгузники
u_000360,family_000360,ТС5,дети до 3,true,хозяин,9-12,20,2.71,676.8,0.3,0.05,молочка;хлеб;детские каши;детская гигиена;фрукты
u_000362,family_000362,ТС5,дети до 3,true,хозяин,0-6,16,1.6,676.8,0.3,0.05,молочка;хлеб;фрукты;детская гигиена;детские каши
u_000363,family_000363,ТС5,дети до 3,true,хозяин,0-6,20,2.11,676.8,0.3,0.05,молочка;детская гигиена;подгузники;хлеб;фрукты
u_000365,family_000365,ТС5,дети до 3,true,хозяин,9-12,17,1.95,676.8,0.3,0.05,детская гигиена;фрукты;хлеб;детские каши;подгузники
u_000368,family_000368,ТС5,дети до 3,true,охотник,2-3,3,2.21,676.8,0.5,0.25,детская гигиена;фрукты;подгузники;молочка;хлеб
u_000372,family_000372,ТС5,дети до 3,true,хозяин,0-6,2,2.3,676.8,0.3,0.05,хлеб;молочка;подгузники;детская гигиена;детские каши
u_000380,family_000380,ТСХ,дети до 3,true,охотник,9-12,17,2.96,1053.6,0.5,0.25,молочка;детские каши;хлеб;подгузники;фрукты
u_000386,family_000386,ТС5,дети до 3,true,хозяин,6-9,4,1.7,676.8,0.3,0.05,хлеб;подгузники;детская гигиена;фрукты;детские каши
u_000387,family_000387,ТСЧ,дети до 3,true,охотник,1-2,6,2.42,853.2,0.5,0.25,молочка;фрукты;подгузники;хлеб;детские каши
u_000388,family_000388,ТС5,дети до 3,true,категорийный,1-2,2,1.6,676.8,0.3,0.05,хлеб;молочка;подгузники;фрукты;детские каши
u_000390,family_000390,ТС5,дети до 3,true,хозяин,2-3,20,1.58,676.8,0.3,0.05,хлеб;детская гигиена;детские каши;фрукты;подгузники
u_000391,family_000391,ТС5,дети до 3,true,хозяин,9-12,2,2.26,676.8,0.3,0.05,фрукты;детские каши;хлеб;подгузники;молочка
u_000393,family_000393,ТС5,дети до 3,true,хозяин,0-6,20,2.94,676.8,0.3,0.05,хлеб;молочка;детская гигиена;фрукты;детские каши
u_000394,family_000394,ТСЧ,дети до 3,true,хозяин,6-9,15,2.0,853.2,0.3,0.05,фрукты;хлеб;детские каши;молочка;детская гигиена
u_000398,family_000398,ТС5,дети до 3,true,охотник,1-2,1,2.3,676.8,0.5,0.25,подгузники;фрукты;детские каши;молочка;детская гигиена
u_000404,family_000404,ТС5,дети до 3,true,охотник,1-2,18,1.93,676.8,0.5,0.25,детские каши;подгузники;фрукты;хлеб;детская гигиена
u_000405,family_000405,ТС5,дети до 3,true,хозяин,6-9,10,2.53,676.8,0.3,0.05,детская гигиена;подгузники;молочка;фрукты;детские каши
u_000406,family_000406,ТС5,дети до 3,true,охотник,2-3,8,2.61,676.8,0.5,0.25,фрукты;детские каши;детская гигиена;молочка;хлеб
u_000415,family_000415,ТС5,дети до 3,true,хозяин,2-3,12,2.27,676.8,0.3,0.05,фрукты;детские каши;хлеб;подгузники;детская гигиена
u_000417,family_000417,ТС5,дети до 3,true,хозяин,1-2,4,1.81,676.8,0.3,0.05,хлеб;детские каши;подгузники;молочка;фрукты
u_000420,family_000420,ТС5,дети до 3,true,охотник,2-3,2,2.55,676.8,0.5,0.25,подгузники;молочка;хлеб;детская гигиена;фрукты
u_000423,family_000423,ТС5,дети до 3,true,хозяин,0-6,19,2.39,676.8,0.3,0.05,фрукты;хлеб;подгузники;детская гигиена;детские каши
u_000433,family_000433,ТС5,дети до 3,true,хозяин,9-12,17,1.52,676.8,0.3,0.05,детская гигиена;фрукты;хлеб;молочка;подгузники
u_000436,family_000436,ТС5,дети до 3,true,хозяин,2-3,9,2.75,676.8,0.3,0.05,молочка;фрукты;детская гигиена;детские каши;хлеб
u_000437,family_000437,ТС5,дети до 3,true,категорийный,2-3,9,2.06,676.8,0.3,0.05,детская гигиена;фрукты;детские каши;хлеб;молочка
u_000438,family_000438,ТС5,дети до 3,true,охотник,2-3,5,2.16,676.8,0.5,0.25,детская гигиена;подгузники;молочка;фрукты;детские каши
u_000440,family_000440,ТС5,дети до 3,true,охотник,1-2,1,1.87,676.8,0.5,0.25,детская гигиена;фрукты;хлеб;подгузники;молочка
u_000446,family_000446,ТСЧ,дети до 3,true,хозяин,1-2,17,2.13,853.2,0.3,0.05,подгузники;фрукты;детские каши;хлеб;детская гигиена
u_000447,family_000447,ТСХ,дети до 3,true,охотник,2-3,4,2.14,1053.6,0.5,0.25,молочка;детские каши;детская гигиена;подгузники;фрукты
u_000448,family_000448,ТС5,дети до 3,true,хозяин,0-6,1,2.37,676.8,0.3,0.05,подгузники;фрукты;хлеб;детская гигиена;детские каши
u_000450,family_000450,ТС5,дети до 3,true,категорийный,1-2,7,2.12,676.8,0.3,0.05,фрукты;детские каши;детская гигиена;хлеб;молочка
u_000452,family_000452,ТС5,дети до 3,true,охотник,2-3,20,2.55,676.8,0.5,0.25,хлеб;подгузники;детская гигиена;детские каши;фрукты
u_000455,family_000455,ТС5,дети до 3,true,хозяин,2-3,10,1.79,676.8,0.3,0.05,фрукты;хлеб;детская гигиена;молочка;подгузники
u_000459,family_000459,ТС5,дети до 3,true,хозяин,0-6,17,2.94,676.8,0.3,0.05,фрукты;хлеб;молочка;детские каши;детская гигиена
u_000460,family_000460,ТСЧ,дети до 3,true,охотник,9-12,15,2.52,853.2,0.5,0.25,фрукты;подгузники;детские каши;хлеб;детская гигиена
u_000461,family_000461,ТС5,дети до 3,true,категорийный,6-9,11,2.12,676.8,0.3,0.05,молочка;фрукты;подгузники;хлеб;детская гигиена
u_000469,family_000469,ТС5,дети до 3,true,хозяин,1-2,14,1.82,676.8,0.3,0.05,хлеб;молочка;фрукты;детская гигиена;детские каши
u_000470,family_000470,ТС5,дети до 3,true,категорийный,6-9,4,2.58,676.8,0.3,0.05,детская гигиена;фрукты;детские каши;хлеб;подгузники
u_000475,family_000475,ТС5,дети до 3,true,хозяин,1-2,3,2.07,676.8,0.3,0.05,молочка;детские каши;детская гигиена;подгузники;фрукты
u_000476,family_000476,ТС5,дети до 3,true,хозяин,0-6,3,1.74,676.8,0.3,0.05,детская гигиена;молочка;фрукты;детские каши;хлеб
u_000483,family_000483,ТСЧ,дети до 3,true,хозяин,0-6,15,1.96,853.2,0.3,0.05,детские каши;молочка;детская гигиена;хлеб;подгузники
u_000485,family_000485,ТС5,дети до 3,true,хозяин,6-9,1,2.32,676.8,0.3,0.05,детская гигиена;детские каши;фрукты;хлеб;подгузники
u_000487,family_000487,ТС5,дети до 3,true,хозяин,6-9,3,1.77,676.8,0.3,0.05,молочка;подгузники;детские каши;хлеб;детская гигиена
u_000488,family_000488,ТС5,дети до 3,true,хозяин,0-6,5,1.57,676.8,0.3,0.05,фрукты;подгузники;детская гигиена;хлеб;детские каши
u_000495,family_000495,ТСХ,дети до 3,true,хозяин,6-9,1,2.95,1053.6,0.3,0.05,фрукты;детские каши;детская гигиена;хлеб;подгузники
u_000496,family_000496,ТС5,дети до 3,true,охотник,9-12,2,1.59,676.8,0.5,0.25,хлеб;детская гигиена;подгузники;детские каши;фрукты
u_000510,family_000510,ТСЧ,дети до 3,true,хозяин,2-3,7,2.06,853.2,0.3,0.05,фрукты;молочка;хлеб;детская гигиена;детские каши
u_000517,family_000517,ТС5,дети до 3,true,хозяин,6-9,5,1.58,676.8,0.3,0.05,хлеб;детские каши;фрукты;молочка;подгузники
u_000526,family_000526,ТСЧ,дети до 3,true,хозяин,0-6,10,1.8,853.2,0.3,0.05,хлеб;фрукты;молочка;подгузники;детская гигиена
u_000533,family_000533,ТС5,дети до 3,true,хозяин,2-3,11,2.17,676.8,0.3,0.05,детская гигиена;хлеб;фрукты;молочка;подгузники
u_000534,family_000534,ТСЧ,дети до 3,true,охотник,2-3,5,2.15,853.2,0.5,0.25,детская гигиена;фрукты;хлеб;детские каши;подгузники
u_000545,family_000545,ТС5,дети до 3,true,категорийный,2-3,5,2.09,676.8,0.3,0.05,молочка;детские каши;подгузники;фрукты;детская гигиена
u_000547,family_000547,ТС5,дети до 3,true,хозяин,2-3,13,2.59,676.8,0.3,0.05,фрукты;хлеб;детская гигиена;детские каши;молочка
u_000552,family_000552,ТС5,дети до 3,true,хозяин,0-6,19,2.76,676.8,0.3,0.05,молочка;хлеб;подгузники;детские каши;фрукты
u_000557,family_000557,ТС5,дети до 3,true,охотник,6-9,20,2.34,676.8,0.5,0.25,фрукты;детские каши;хлеб;подгузники;молочка
u_000559,family_000559,ТС5,дети до 3,true,охотник,0-6,7,2.54,676.8,0.5,0.25,молочка;подгузники;хлеб;детская гигиена;детские каши
u_000562,family_000562,ТСЧ,дети до 3,true,хозяин,1-2,2,2.75,853.2,0.3,0.05,молочка;фрукты;хлеб;детские каши;подгузники
u_000565,family_000565,ТС5,дети до 3,true,хозяин,1-2,10,1.82,676.8,0.3,0.05,молочка;детская гигиена;подгузники;фрукты;детские каши
u_000567,family_000567,ТСХ,дети до 3,true,охотник,6-9,4,2.73,1053.6,0.5,0.25,фрукты;детская гигиена;хлеб;молочка;подгузники
u_000570,family_000570,ТС5,дети до 3,true,охотник,0-6,9,1.72,676.8,0.5,0.25,молочка;подгузники;фрукты;хлеб;детские каши
u_000582,family_000582,ТС5,дети до 3,true,хозяин,6-9,5,2.83,676.8,0.3,0.05,хлеб;подгузники;детская гигиена;молочка;фрукты
u_000586,family_000586,ТС5,дети до 3,true,охотник,1-2,13,2.07,676.8,0.5,0.25,фрукты;детская гигиена;хлеб;детские каши;подгузники
u_000593,family_000593,ТСЧ,дети до 3,true,хозяин,1-2,17,2.86,853.2,0.3,0.05,фрукты;молочка;детские каши;детская гигиена;хлеб
u_000595,family_000595,ТС5,дети до 3,true,охотник,9-12,20,1.54,676.8,0.5,0.25,детские каши;подгузники;детская гигиена;молочка;фрукты
u_000598,family_000598,ТСЧ,дети до 3,true,хозяин,6-9,20,2.9,853.2,0.3,0.05,детская гигиена;детские каши;фрукты;хлеб;подгузники
u_000603,family_000603,ТС5,дети до 3,true,хозяин,2-3,7,2.28,676.8,0.3,0.05,хлеб;детская гигиена;молочка;детские каши;подгузники
u_000606,family_000606,ТС5,дети до 3,true,хозяин,2-3,6,2.84,676.8,0.3,0.05,хлеб;детская гигиена;молочка;фрукты;детские каши
u_000611,family_000611,ТС5,дети до 3,true,категорийный,1-2,9,1.73,676.8,0.3,0.05,молочка;детские каши;подгузники;хлеб;детская гигиена
u_000614,family_000614,ТС5,дети до 3,true,охотник,6-9,6,2.33,676.8,0.5,0.25,детские каши;детская гигиена;молочка;хлеб;фрукты
u_000618,family_000618,ТС5,дети до 3,true,охотник,2-3,5,2.61,676.8,0.5,0.25,детская гигиена;подгузники;фрукты;молочка;детские каши
u_000621,family_000621,ТС5,дети до 3,true,хозяин,6-9,14,2.01,676.8,0.3,0.05,хлеб;детские каши;молочка;подгузники;фрукты
u_000629,family_000629,ТС5,дети до 3,true,хозяин,1-2,2,1.66,676.8,0.3,0.05,подгузники;фрукты;детская гигиена;хлеб;молочка
u_000634,family_000634,ТС5,дети до 3,true,хозяин,9-12,8,2.83,676.8,0.3,0.05,фрукты;детская гигиена;хлеб;молочка;подгузники
u_000641,family_000641,ТСЧ,дети до 3,true,хозяин,1-2,9,2.55,853.2,0.3,0.05,фрукты;хлеб;детская гигиена;молочка;подгузники
u_000643,family_000643,ТС5,дети до 3,true,хозяин,6-9,18,2.56,676.8,0.3,0.05,фрукты;детская гигиена;хлеб;детские каши;подгузники
u_000644,family_000644,ТС5,дети до 3,true,охотник,2-3,7,2.63,676.8,0.5,0.25,детская гигиена;молочка;фрукты;хлеб;детские каши
u_000658,family_000658,ТС5,дети до 3,true,охотник,0-6,17,2.09,676.8,0.5,0.25,детские каши;молочка;подгузники;фрукты;детская гигиена
u_000661,family_000661,ТСХ,дети до 3,true,категорийный,2-3,3,1.72,1053.6,0.3,0.05,молочка;детские каши;хлеб;подгузники;детская гигиена
u_000665,family_000665,ТС5,дети до 3,true,охотник,6-9,1,1.68,676.8,0.5,0.25,молочка;детские каши;подгузники;хлеб;детская гигиена
u_000666,family_000666,ТС5,дети до 3,true,категорийный,1-2,4,2.06,676.8,0.3,0.05,хлеб;фрукты;подгузники;детская гигиена;детские каши
u_000675,family_000675,ТС5,дети до 3,true,охотник,1-2,4,2.86,676.8,0.5,0.25,подгузники;хлеб;молочка;детские каши;фрукты
u_000682,family_000682,ТС5,дети до 3,true,охотник,1-2,8,2.33,676.8,0.5,0.25,молочка;детские каши;детская гигиена;подгузники;фрукты
u_000683,family_000683,ТСЧ,дети до 3,true,хозяин,1-2,4,2.09,853.2,0.3,0.05,фрукты;подгузники;хлеб;детские каши;детская гигиена
u_000684,family_000684,ТС5,дети до 3,true,хозяин,6-9,3,2.05,676.8,0.3,0.05,детская гигиена;молочка;хлеб;фрукты;детские каши
u_000686,family_000686,ТСЧ,дети до 3,true,охотник,1-2,16,2.27,853.2,0.5,0.25,детская гигиена;детские каши;подгузники;фрукты;хлеб
u_000688,family_000688,ТСЧ,дети до 3,true,охотник,6-9,10,2.43,853.2,0.5,0.25,подгузники;хлеб;детские каши;детская гигиена;фрукты
u_000689,family_000689,ТС5,дети до 3,true,охотник,2-3,11,2.71,676.8,0.5,0.25,фрукты;хлеб;подгузники;детские каши;детская гигиена
u_000694,family_000694,ТС5,дети до 3,true,категорийный,1-2,12,1.58,676.8,0.3,0.05,детская гигиена;хлеб;фрукты;молочка;детские каши
u_000696,family_000696,ТС5,дети до 3,true,охотник,1-2,9,1.53,676.8,0.5,0.25,детские каши;фрукты;подгузники;детская гигиена;молочка
u_000700,family_000700,ТС5,дети до 3,true,охотник,1-2,7,2.02,676.8,0.5,0.25,подгузники;молочка;фрукты;детская гигиена;детские каши
u_000702,family_000702,ТС5,дети до 3,true,категорийный,1-2,9,2.91,676.8,0.3,0.05,фрукты;хлеб;детские каши;молочка;подгузники
u_000708,family_000708,ТС5,дети до 3,true,охотник,0-6,17,2.5,676.8,0.5,0.25,фрукты;хлеб;молочка;детская гигиена;подгузники
u_000716,family_000716,ТС5,дети до 3,true,хозяин,2-3,18,2.61,676.8,0.3,0.05,детские каши;подгузники;фрукты;молочка;хлеб
u_000718,family_000718,ТС5,дети до 3,true,категорийный,6-9,20,2.53,676.8,0.3,0.05,молочка;детские каши;фрукты;хлеб;подгузники
u_000722,family_000722,ТС5,дети до 3,true,хозяин,2-3,14,2.66,676.8,0.3,0.05,детские каши;хлеб;подгузники;фрукты;молочка
u_000725,family_000725,ТС5,дети до 3,true,хозяин,2-3,15,1.63,676.8,0.3,0.05,детские каши;детская гигиена;молочка;хлеб;фрукты
u_000727,family_000727,ТСЧ,дети до 3,true,хозяин,2-3,20,2.56,853.2,0.3,0.05,подгузники;хлеб;молочка;детские каши;детская гигиена
u_000735,family_000735,ТС5,дети до 3,true,хозяин,0-6,8,2.65,676.8,0.3,0.05,хлеб;подгузники;молочка;фрукты;детская гигиена
u_000739,family_000739,ТС5,дети до 3,true,хозяин,9-12,6,1.86,676.8,0.3,0.05,детские каши;подгузники;фрукты;хлеб;молочка
u_000743,family_000743,ТС5,дети до 3,true,охотник,1-2,17,2.44,676.8,0.5,0.25,фрукты;подгузники;молочка;детская гигиена;детские каши
u_000745,family_000745,ТС5,дети до 3,true,категорийный,2-3,4,2.27,676.8,0.3,0.05,детские каши;подгузники;хлеб;молочка;детская гигиена
u_000746,family_000746,ТС5,дети до 3,true,охотник,0-6,4,2.61,676.8,0.5,0.25,детские каши;детская гигиена;фрукты;хлеб;подгузники
u_000753,family_000753,ТС5,дети до 3,true,хозяин,9-12,19,2.74,676.8,0.3,0.05,детские каши;подгузники;молочка;фрукты;хлеб
u_000755,family_000755,ТС5,дети до 3,true,охотник,2-3,16,1.85,676.8,0.5,0.25,подгузники;фрукты;хлеб;детская гигиена;молочка
u_000760,family_000760,ТСЧ,дети до 3,true,хозяин,2-3,2,3.0,853.2,0.3,0.05,молочка;хлеб;фрукты;детские каши;подгузники
u_000768,family_000768,ТСЧ,дети до 3,true,охотник,0-6,15,1.72,853.2,0.5,0.25,подгузники;фрукты;хлеб;детские каши;детская гигиена
u_000774,family_000774,ТС5,дети до 3,true,хозяин,2-3,19,1.89,676.8,0.3,0.05,молочка;детские каши;подгузники;хлеб;фрукты
u_000780,family_000780,ТС5,дети до 3,true,категорийный,1-2,14,2.74,676.8,0.3,0.05,детская гигиена;фрукты;хлеб;детские каши;молочка
u_000800,family_000800,ТС5,дети до 3,true,хозяин,0-6,13,2.55,676.8,0.3,0.05,детская гигиена;фрукты;молочка;хлеб;подгузники
u_000802,family_000802,ТС5,дети до 3,true,охотник,0-6,5,2.47,676.8,0.5,0.25,подгузники;фрукты;детские каши;хлеб;молочка
u_000817,family_000817,ТС5,дети до 3,true,хозяин,0-6,2,2.34,676.8,0.3,0.05,молочка;детские каши;фрукты;подгузники;детская гигиена
u_000818,family_000818,ТС5,дети до 3,true,охотник,0-6,15,2.08,676.8,0.5,0.25,детские каши;фрукты;подгузники;детская гигиена;хлеб
u_000821,family_000821,ТС5,дети до 3,true,категорийный,9-12,10,2.38,676.8,0.3,0.05,фрукты;детская гигиена;хлеб;детские каши;молочка
u_000835,family_000835,ТС5,дети до 3,true,категорийный,1-2,9,2.37,676.8,0.3,0.05,хлеб;фрукты;подгузники;детские каши;молочка
u_000836,family_000836,ТСЧ,дети до 3,true,хозяин,6-9,10,2.14,853.2,0.3,0.05,детские каши;фрукты;детская гигиена;хлеб;молочка
u_000838,family_000838,ТС5,дети до 3,true,хозяин,1-2,11,1.91,676.8,0.3,0.05,подгузники;детская гигиена;детские каши;хлеб;фрукты
u_000841,family_000841,ТС5,дети до 3,true,хозяин,2-3,9,1.51,676.8,0.3,0.05,молочка;хлеб;фрукты;детская гигиена;детские каши
u_000843,family_000843,ТСХ,дети до 3,true,охотник,2-3,15,2.58,1053.6,0.5,0.25,детские каши;молочка;подгузники;детская гигиена;хлеб
u_000846,family_000846,ТС5,дети до 3,true,хозяин,6-9,5,2.97,676.8,0.3,0.05,молочка;фрукты;детские каши;детская гигиена;подгузники
u_000848,family_000848,ТС5,дети до 3,true,хозяин,2-3,16,1.54,676.8,0.3,0.05,детская гигиена;подгузники;детские каши;хлеб;фрукты
u_000849,family_000849,ТС5,дети до 3,true,хозяин,0-6,12,2.28,676.8,0.3,0.05,детская гигиена;молочка;детские каши;хлеб;подгузники
u_000853,family_000853,ТС5,дети до 3,true,охотник,9-12,15,2.02,676.8,0.5,0.25,хлеб;молочка;детские каши;фрукты;подгузники
u_000856,family_000856,ТСЧ,дети до 3,true,категорийный,0-6,4,2.26,853.2,0.3,0.05,молочка;детские каши;фрукты;подгузники;детская гигиена
u_000862,family_000862,ТС5,дети до 3,true,охотник,0-6,13,2.65,676.8,0.5,0.25,детская гигиена;молочка;хлеб;подгузники;фрукты
u_000867,family_000867,ТС5,дети до 3,true,категорийный,0-6,18,2.69,676.8,0.3,0.05,фрукты;детская гигиена;молочка;подгузники;хлеб
u_000869,family_000869,ТС5,дети до 3,true,охотник,1-2,17,2.46,676.8,0.5,0.25,детская гигиена;фрукты;подгузники;детские каши;молочка
u_000874,family_000874,ТС5,дети до 3,true,хозяин,1-2,3,2.93,676.8,0.3,0.05,подгузники;детская гигиена;фрукты;хлеб;молочка
u_000875,family_000875,ТС5,дети до 3,true,охотник,6-9,8,2.26,676.8,0.5,0.25,детские каши;хлеб;молочка;подгузники;фрукты
u_000877,family_000877,ТСЧ,дети до 3,true,хозяин,1-2,15,2.13,853.2,0.3,0.05,фрукты;детские каши;детская гигиена;хлеб;подгузники
u_000878,family_000878,ТСХ,дети до 3,true,хозяин,9-12,20,2.31,1053.6,0.3,0.05,фрукты;детская гигиена;молочка;хлеб;детские каши
u_000883,family_000883,ТС5,дети до 3,true,хозяин,1-2,2,2.88,676.8,0.3,0.05,молочка;подгузники;детская гигиена;детские каши;хлеб
u_000885,family_000885,ТС5,дети до 3,true,категорийный,2-3,7,2.81,676.8,0.3,0.05,детская гигиена;детские каши;молочка;фрукты;хлеб
u_000886,family_000886,ТС5,дети до 3,true,категорийный,2-3,10,2.6,676.8,0.3,0.05,хлеб;подгузники;фрукты;молочка;детская гигиена
u_000889,family_000889,ТС5,дети до 3,true,охотник,0-6,15,2.35,676.8,0.5,0.25,детская гигиена;хлеб;фрукты;подгузники;молочка
u_000893,family_000893,ТСЧ,дети до 3,true,хозяин,1-2,11,2.06,853.2,0.3,0.05,молочка;хлеб;детская гигиена;детские каши;фрукты
u_000896,family_000896,ТС5,дети до 3,true,категорийный,9-12,1,2.45,676.8,0.3,0.05,подгузники;молочка;детские каши;хлеб;детская гигиена
u_000897,family_000897,ТС5,дети до 3,true,хозяин,1-2,16,2.98,676.8,0.3,0.05,хлеб;подгузники;детские каши;детская гигиена;фрукты
u_000908,family_000908,ТС5,дети до 3,true,хозяин,9-12,13,1.59,676.8,0.3,0.05,молочка;детская гигиена;фрукты;хлеб;подгузники
u_000910,family_000910,ТСЧ,дети до 3,true,хозяин,1-2,12,2.64,853.2,0.3,0.05,детские каши;подгузники;молочка;детская гигиена;фрукты
u_000911,family_000911,ТСХ,дети до 3,true,хозяин,9-12,19,2.8,1053.6,0.3,0.05,подгузники;молочка;детские каши;фрукты;хлеб
u_000912,family_000912,ТС5,дети до 3,true,хозяин,6-9,7,1.83,676.8,0.3,0.05,хлеб;детская гигиена;подгузники;фрукты;детские каши
u_000915,family_000915,ТС5,дети до 3,true,охотник,6-9,13,2.66,676.8,0.5,0.25,хлеб;подгузники;детские каши;молочка;детская гигиена
u_000916,family_000916,ТС5,дети до 3,true,хозяин,0-6,4,1.62,676.8,0.3,0.05,детские каши;фрукты;детская гигиена;подгузники;хлеб
u_000923,family_000923,ТС5,дети до 3,true,категорийный,9-12,20,2.31,676.8,0.3,0.05,детская гигиена;подгузники;фрукты;детские каши;молочка
u_000925,family_000925,ТСХ,дети до 3,true,охотник,9-12,13,2.47,1053.6,0.5,0.25,детская гигиена;детские каши;фрукты;подгузники;хлеб
u_000927,family_000927,ТС5,дети до 3,true,охотник,6-9,14,2.73,676.8,0.5,0.25,молочка;детские каши;фрукты;подгузники;хлеб
u_000937,family_000937,ТС5,дети до 3,true,категорийный,2-3,4,2.11,676.8,0.3,0.05,фрукты;детская гигиена;подгузники;молочка;хлеб
u_000943,family_000943,ТС5,дети до 3,true,хозяин,2-3,17,2.85,676.8,0.3,0.05,детские каши;подгузники;хлеб;фрукты;молочка
u_000945,family_000945,ТС5,дети до 3,true,хозяин,1-2,1,2.04,676.8,0.3,0.05,хлеб;детская гигиена;подгузники;детские каши;фрукты
u_000947,family_000947,ТС5,дети до 3,true,охотник,6-9,11,2.63,676.8,0.5,0.25,детские каши;фрукты;хлеб;подгузники;молочка
u_000949,family_000949,ТСЧ,дети до 3,true,охотник,0-6,14,2.22,853.2,0.5,0.25,молочка;детские каши;подгузники;детская гигиена;фрукты
u_000956,family_000956,ТС5,дети до 3,true,хозяин,0-6,4,2.5,676.8,0.3,0.05,хлеб;фрукты;детская гигиена;детские каши;молочка
u_000957,family_000957,ТСХ,дети до 3,true,охотник,2-3,20,2.06,1053.6,0.5,0.25,хлеб;молочка;детская гигиена;фрукты;детские каши
u_000960,family_000960,ТС5,дети до 3,true,хозяин,2-3,12,2.84,676.8,0.3,0.05,детские каши;подгузники;хлеб;фрукты;детская гигиена
u_000963,family_000963,ТСХ,дети до 3,true,охотник,1-2,20,1.91,1053.6,0.5,0.25,детская гигиена;подгузники;хлеб;молочка;фрукты
u_000967,family_000967,ТС5,дети до 3,true,категорийный,9-12,3,2.92,676.8,0.3,0.05,фрукты;молочка;детская гигиена;детские каши;хлеб
u_000976,family_000976,ТС5,дети до 3,true,хозяин,6-9,10,2.0,676.8,0.3,0.05,детская гигиена;хлеб;подгузники;молочка;фрукты
u_000981,family_000981,ТС5,дети до 3,true,хозяин,0-6,9,2.87,676.8,0.3,0.05,хлеб;молочка;фрукты;детские каши;подгузники
u_000984,family_000984,ТС5,дети до 3,true,категорийный,2-3,11,1.71,676.8,0.3,0.05,хлеб;детская гигиена;детские каши;фрукты;молочка
u_000985,family_000985,ТС5,дети до 3,true,охотник,6-9,13,1.63,676.8,0.5,0.25,хлеб;детские каши;детская гигиена;молочка;подгузники
u_001002,family_001002,ТСХ,дети до 3,true,хозяин,1-2,2,2.84,1053.6,0.3,0.05,хлеб;детские каши;детская гигиена;подгузники;молочка
u_001003,family_001003,ТСЧ,дети до 3,true,категорийный,0-6,1,1.71,853.2,0.3,0.05,молочка;фрукты;подгузники;детская гигиена;детские каши
u_001005,family_001005,ТСХ,дети до 3,true,категорийный,9-12,15,2.48,1053.6,0.3,0.05,детская гигиена;подгузники;детские каши;фрукты;хлеб
u_001006,family_001006,ТСЧ,дети до 3,true,категорийный,6-9,15,2.05,853.2,0.3,0.05,фрукты;молочка;хлеб;подгузники;детская гигиена
u_001009,family_001009,ТС5,дети до 3,true,охотник,1-2,4,1.63,676.8,0.5,0.25,хлеб;подгузники;детские каши;детская гигиена;фрукты
u_001015,family_001015,ТС5,дети до 3,true,охотник,1-2,12,2.87,676.8,0.5,0.25,фрукты;детские каши;подгузники;молочка;хлеб
u_001016,family_001016,ТС5,дети до 3,true,охотник,9-12,11,1.52,676.8,0.5,0.25,детские каши;детская гигиена;хлеб;фрукты;подгузники
u_001020,family_001020,ТС5,дети до 3,true,хозяин,1-2,12,2.03,676.8,0.3,0.05,фрукты;детские каши;молочка;подгузники;хлеб
u_001024,family_001024,ТС5,дети до 3,true,хозяин,1-2,18,2.07,676.8,0.3,0.05,детская гигиена;детские каши;подгузники;хлеб;молочка
u_001034,family_001034,ТС5,дети до 3,true,охотник,0-6,4,2.19,676.8,0.5,0.25,фрукты;подгузники;хлеб;детские каши;детская гигиена
u_001036,family_001036,ТС5,дети до 3,true,охотник,6-9,14,2.06,676.8,0.5,0.25,молочка;детские каши;детская гигиена;подгузники;фрукты
u_001043,family_001043,ТС5,дети до 3,true,охотник,9-12,3,2.17,676.8,0.5,0.25,подгузники;фрукты;молочка;детские каши;детская гигиена
u_001045,family_001045,ТСХ,дети до 3,true,хозяин,9-12,12,1.72,1053.6,0.3,0.05,молочка;подгузники;фрукты;детская гигиена;детские каши
u_001057,family_001057,ТС5,дети до 3,true,категорийный,9-12,16,1.84,676.8,0.3,0.05,молочка;хлеб;подгузники;детская гигиена;детские каши
u_001074,family_001074,ТС5,дети до 3,true,охотник,6-9,14,2.78,676.8,0.5,0.25,хлеб;детская гигиена;молочка;фрукты;подгузники
u_001078,family_001078,ТСХ,дети до 3,true,охотник,9-12,10,1.67,1053.6,0.5,0.25,подгузники;детские каши;детская гигиена;фрукты;хлеб
u_001083,family_001083,ТС5,дети до 3,true,категорийный,0-6,9,2.88,676.8,0.3,0.05,фрукты;молочка;детская гигиена;хлеб;детские каши
u_001085,family_001085,ТС5,дети до 3,true,охотник,2-3,6,2.06,676.8,0.5,0.25,детские каши;подгузники;детская гигиена;молочка;хлеб
u_001086,family_001086,ТС5,дети до 3,true,охотник,9-12,15,2.03,676.8,0.5,0.25,детские каши;хлеб;фрукты;детская гигиена;подгузники
u_001088,family_001088,ТС5,дети до 3,true,охотник,9-12,2,2.63,676.8,0.5,0.25,детские каши;детская гигиена;хлеб;молочка;подгузники
u_001091,family_001091,ТС5,дети до 3,true,категорийный,6-9,8,2.84,676.8,0.3,0.05,хлеб;детская гигиена;молочка;детские каши;фрукты
u_001096,family_001096,ТС5,дети до 3,true,категорийный,1-2,12,2.5,676.8,0.3,0.05,детские каши;хлеб;подгузники;детская гигиена;молочка
u_001100,family_001100,ТСХ,дети до 3,true,охотник,6-9,9,2.68,1053.6,0.5,0.25,хлеб;молочка;детские каши;подгузники;детская гигиена
u_001101,family_001101,ТС5,дети до 3,true,охотник,2-3,17,2.66,676.8,0.5,0.25,фрукты;молочка;детская гигиена;хлеб;детские каши
u_001102,family_001102,ТС5,дети до 3,true,охотник,1-2,3,1.57,676.8,0.5,0.25,хлеб;детская гигиена;фрукты;подгузники;молочка
u_001103,family_001103,ТС5,дети до 3,true,хозяин,6-9,8,1.66,676.8,0.3,0.05,детская гигиена;детские каши;фрукты;подгузники;молочка
u_001105,family_001105,ТС5,дети до 3,true,хозяин,2-3,18,1.8,676.8,0.3,0.05,молочка;детские каши;фрукты;хлеб;детская гигиена
u_001110,family_001110,ТС5,дети до 3,true,хозяин,1-2,8,1.58,676.8,0.3,0.05,фрукты;молочка;подгузники;детские каши;детская гигиена
u_001113,family_001113,ТС5,дети до 3,true,хозяин,0-6,5,1.81,676.8,0.3,0.05,хлеб;молочка;подгузники;детские каши;детская гигиена
u_001121,family_001121,ТС5,дети до 3,true,хозяин,0-6,3,1.88,676.8,0.3,0.05,фрукты;детская гигиена;детские каши;молочка;хлеб
u_001123,family_001123,ТС5,дети до 3,true,хозяин,9-12,14,2.56,676.8,0.3,0.05,фрукты;детские каши;молочка;подгузники;хлеб
u_001130,family_001130,ТС5,дети до 3,true,охотник,6-9,13,2.2,676.8,0.5,0.25,детская гигиена;хлеб;подгузники;фрукты;молочка
u_001135,family_001135,ТС5,дети до 3,true,хозяин,6-9,5,2.81,676.8,0.3,0.05,хлеб;подгузники;детская гигиена;фрукты;молочка
u_001136,family_001136,ТС5,дети до 3,true,хозяин,9-12,2,2.33,676.8,0.3,0.05,детская гигиена;подгузники;молочка;хлеб;фрукты
u_001141,family_001141,ТСЧ,дети до 3,true,охотник,6-9,13,2.64,853.2,0.5,0.25,хлеб;подгузники;фрукты;детские каши;детская гигиена
u_001143,family_001143,ТС5,дети до 3,true,категорийный,9-12,8,2.7,676.8,0.3,0.05,молочка;детская гигиена;детские каши;фрукты;подгузники
u_001144,family_001144,ТС5,дети до 3,true,категорийный,1-2,12,1.62,676.8,0.3,0.05,фрукты;хлеб;подгузники;детская гигиена;молочка
u_001145,family_001145,ТС5,дети до 3,true,хозяин,2-3,5,2.89,676.8,0.3,0.05,детская гигиена;детские каши;хлеб;молочка;фрукты
u_001146,family_001146,ТСХ,дети до 3,true,хозяин,1-2,14,2.26,1053.6,0.3,0.05,детская гигиена;фрукты;детские каши;молочка;подгузники
u_001149,family_001149,ТС5,дети до 3,true,охотник,0-6,11,2.85,676.8,0.5,0.25,молочка;фрукты;подгузники;хлеб;детские каши
u_001153,family_001153,ТС5,дети до 3,true,категорийный,2-3,17,2.77,676.8,0.3,0.05,детские каши;молочка;фрукты;детская гигиена;хлеб
u_001163,family_001163,ТС5,дети до 3,true,хозяин,2-3,7,1.5,676.8,0.3,0.05,подгузники;детские каши;детская гигиена;молочка;хлеб
u_001167,family_001167,ТС5,дети до 3,true,хозяин,0-6,12,2.55,676.8,0.3,0.05,хлеб;детская гигиена;детские каши;фрукты;молочка
u_001170,family_001170,ТСЧ,дети до 3,true,хозяин,2-3,6,2.3,853.2,0.3,0.05,хлеб;подгузники;молочка;фрукты;детские каши
u_001175,family_001175,ТСЧ,дети до 3,true,хозяин,9-12,3,1.61,853.2,0.3,0.05,фрукты;детские каши;подгузники;хлеб;молочка
u_001176,family_001176,ТС5,дети до 3,true,хозяин,2-3,10,2.68,676.8,0.3,0.05,детские каши;фрукты;подгузники;детская гигиена;молочка
u_001178,family_001178,ТС5,дети до 3,true,категорийный,2-3,17,1.87,676.8,0.3,0.05,подгузники;детские каши;фрукты;детская гигиена;хлеб
u_001179,family_001179,ТС5,дети до 3,true,хозяин,6-9,15,2.05,676.8,0.3,0.05,фрукты;подгузники;молочка;детская гигиена;хлеб
u_001183,family_001183,ТСХ,дети до 3,true,хозяин,6-9,11,2.19,1053.6,0.3,0.05,детские каши;фрукты;подгузники;хлеб;детская гигиена
u_001185,family_001185,ТС5,дети до 3,true,хозяин,2-3,16,1.71,676.8,0.3,0.05,фрукты;детские каши;хлеб;подгузники;детская гигиена
u_001189,family_001189,ТС5,дети до 3,true,категорийный,0-6,10,2.55,676.8,0.3,0.05,детская гигиена;подгузники;детские каши;хлеб;фрукты
u_001190,family_001190,ТС5,дети до 3,true,хозяин,9-12,18,2.83,676.8,0.3,0.05,молочка;подгузники;детская гигиена;детские каши;хлеб
u_001195,family_001195,ТС5,дети до 3,true,хозяин,2-3,13,2.07,676.8,0.3,0.05,детские каши;хлеб;молочка;детская гигиена;фрукты
u_001204,family_001204,ТС5,дети до 3,true,категорийный,6-9,20,2.61,676.8,0.3,0.05,молочка;хлеб;детская гигиена;фрукты;детские каши
u_001207,family_001207,ТС5,дети до 3,true,категорийный,0-6,19,2.9,676.8,0.3,0.05,подгузники;хлеб;фрукты;детские каши;молочка
u_001208,family_001208,ТС5,дети до 3,true,категорийный,6-9,1,1.83,676.8,0.3,0.05,молочка;детские каши;подгузники;хлеб;фрукты
u_001211,family_001211,ТС5,дети до 3,true,хозяин,9-12,19,2.05,676.8,0.3,0.05,хлеб;фрукты;детские каши;молочка;подгузники
u_001217,family_001217,ТСЧ,дети до 3,true,охотник,1-2,13,2.21,853.2,0.5,0.25,детская гигиена;молочка;фрукты;детские каши;хлеб
u_001219,family_001219,ТСЧ,дети до 3,true,хозяин,2-3,6,2.88,853.2,0.3,0.05,фрукты;хлеб;детская гигиена;молочка;подгузники
u_001221,family_001221,ТС5,дети до 3,true,хозяин,6-9,10,1.96,676.8,0.3,0.05,детская гигиена;хлеб;фрукты;детские каши;подгузники
u_001225,family_001225,ТС5,дети до 3,true,охотник,9-12,12,2.01,676.8,0.5,0.25,подгузники;фрукты;детские каши;хлеб;молочка
u_001227,family_001227,ТС5,дети до 3,true,хозяин,9-12,14,1.77,676.8,0.3,0.05,детские каши;фрукты;подгузники;детская гигиена;хлеб
u_001230,family_001230,ТС5,дети до 3,true,категорийный,1-2,17,2.06,676.8,0.3,0.05,детские каши;молочка;фрукты;подгузники;хлеб
u_001231,family_001231,ТСЧ,дети до 3,true,хозяин,0-6,5,1.51,853.2,0.3,0.05,хлеб;фрукты;молочка;подгузники;детская гигиена
u_001232,family_001232,ТС5,дети до 3,true,хозяин,1-2,15,2.05,676.8,0.3,0.05,фрукты;молочка;хлеб;детская гигиена;детские каши
u_001237,family_001237,ТС5,дети до 3,true,хозяин,1-2,1,1.78,676.8,0.3,0.05,хлеб;молочка;подгузники;детская гигиена;детские каши
u_001238,family_001238,ТСХ,дети до 3,true,категорийный,2-3,17,2.31,1053.6,0.3,0.05,детская гигиена;подгузники;молочка;детские каши;хлеб
u_001245,family_001245,ТС5,дети до 3,true,хозяин,9-12,19,2.15,676.8,0.3,0.05,подгузники;молочка;детские каши;хлеб;детская гигиена
u_001251,family_001251,ТС5,дети до 3,true,хозяин,2-3,17,3.0,676.8,0.3,0.05,фрукты;хлеб;детские каши;подгузники;детская гигиена
u_001267,family_001267,ТС5,дети до 3,true,хозяин,0-6,11,1.84,676.8,0.3,0.05,детская гигиена;хлеб;фрукты;детские каши;подгузники
u_001291,family_001291,ТС5,дети до 3,true,хозяин,1-2,2,2.75,676.8,0.3,0.05,подгузники;фрукты;молочка;хлеб;детская гигиена
u_001293,family_001293,ТСХ,дети до 3,true,категорийный,0-6,18,1.74,1053.6,0.3,0.05,фрукты;подгузники;детские каши;молочка;хлеб
u_001297,family_001297,ТСХ,дети до 3,true,хозяин,2-3,5,1.78,1053.6,0.3,0.05,детская гигиена;хлеб;молочка;подгузники;детские каши
u_001298,family_001298,ТС5,дети до 3,true,категорийный,6-9,18,2.02,676.8,0.3,0.05,подгузники;молочка;фрукты;хлеб;детские каши
u_001301,family_001301,ТСХ,дети до 3,true,хозяин,6-9,17,2.87,1053.6,0.3,0.05,хлеб;фрукты;подгузники;детские каши;молочка
u_001302,family_001302,ТС5,дети до 3,true,охотник,9-12,14,1.79,676.8,0.5,0.25,подгузники;фрукты;молочка;детская гигиена;детские каши
u_001304,family_001304,ТСЧ,дети до 3,true,категорийный,9-12,8,3.0,853.2,0.3,0.05,подгузники;детские каши;фрукты;хлеб;детская гигиена
u_001311,family_001311,ТС5,дети до 3,true,охотник,9-12,16,2.2,676.8,0.5,0.25,молочка;детская гигиена;хлеб;детские каши;фрукты
u_001315,family_001315,ТС5,дети до 3,true,охотник,0-6,13,2.45,676.8,0.5,0.25,детская гигиена;хлеб;подгузники;детские каши;молочка
u_001319,family_001319,ТСХ,дети до 3,true,хозяин,2-3,5,1.64,1053.6,0.3,0.05,детские каши;подгузники;фрукты;молочка;детская гигиена
u_001322,family_001322,ТСЧ,дети до 3,true,категорийный,9-12,18,1.85,853.2,0.3,0.05,фрукты;детская гигиена;молочка;подгузники;детские каши
u_001323,family_001323,ТС5,дети до 3,true,категорийный,6-9,5,2.31,676.8,0.3,0.05,фрукты;детские каши;детская гигиена;хлеб;подгузники
u_001326,family_001326,ТС5,дети до 3,true,хозяин,6-9,13,2.68,676.8,0.3,0.05,хлеб;детские каши;фрукты;молочка;подгузники
u_001335,family_001335,ТС5,дети до 3,true,охотник,0-6,19,1.64,676.8,0.5,0.25,детская гигиена;молочка;детские каши;хлеб;подгузники
u_001338,family_001338,ТСЧ,дети до 3,true,категорийный,6-9,9,2.17,853.2,0.3,0.05,подгузники;молочка;детские каши;фрукты;детская гигиена
u_001340,family_001340,ТСЧ,дети до 3,true,охотник,6-9,11,2.74,853.2,0.5,0.25,подгузники;хлеб;детские каши;детская гигиена;молочка
u_001349,family_001349,ТСХ,дети до 3,true,хозяин,2-3,16,2.3,1053.6,0.3,0.05,подгузники;фрукты;детская гигиена;молочка;детские каши
u_001354,family_001354,ТС5,дети до 3,true,охотник,9-12,1,2.96,676.8,0.5,0.25,подгузники;молочка;хлеб;детские каши;фрукты
u_001368,family_001368,ТС5,дети до 3,true,охотник,9-12,16,2.99,676.8,0.5,0.25,молочка;подгузники;фрукты;детские каши;хлеб
u_001369,family_001369,ТС5,дети до 3,true,категорийный,2-3,6,2.46,676.8,0.3,0.05,хлеб;подгузники;фрукты;детские каши;детская гигиена
u_001373,family_001373,ТСЧ,дети до 3,true,категорийный,0-6,5,1.71,853.2,0.3,0.05,детская гигиена;фрукты;молочка;хлеб;детские каши
u_001383,family_001383,ТС5,дети до 3,true,категорийный,2-3,17,1.93,676.8,0.3,0.05,детская гигиена;хлеб;молочка;подгузники;детские каши
u_001392,family_001392,ТС5,дети до 3,true,категорийный,2-3,14,2.06,676.8,0.3,0.05,молочка;детская гигиена;детские каши;подгузники;фрукты
u_001393,family_001393,ТС5,дети до 3,true,хозяин,2-3,14,1.58,676.8,0.3,0.05,детская гигиена;молочка;хлеб;фрукты;детские каши
u_001394,family_001394,ТСЧ,дети до 3,true,категорийный,0-6,7,2.08,853.2,0.3,0.05,хлеб;детская гигиена;молочка;детские каши;подгузники
u_001395,family_001395,ТС5,дети до 3,true,категорийный,6-9,14,1.97,676.8,0.3,0.05,детская гигиена;хлеб;детские каши;фрукты;подгузники
u_001397,family_001397,ТСЧ,дети до 3,true,охотник,6-9,10,2.76,853.2,0.5,0.25,молочка;фрукты;хлеб;детские каши;детская гигиена
u_001399,family_001399,ТС5,дети до 3,true,хозяин,2-3,16,2.55,676.8,0.3,0.05,молочка;детская гигиена;подгузники;хлеб;детские каши
u_001407,family_001407,ТСЧ,дети до 3,true,хозяин,9-12,13,2.0,853.2,0.3,0.05,фрукты;детские каши;хлеб;молочка;детская гигиена
u_001411,family_001411,ТС5,дети до 3,true,категорийный,1-2,11,2.68,676.8,0.3,0.05,подгузники;фрукты;хлеб;детские каши;молочка
u_001414,family_001414,ТСХ,дети до 3,true,категорийный,1-2,6,2.26,1053.6,0.3,0.05,подгузники;детская гигиена;фрукты;детские каши;хлеб
u_001415,family_001415,ТСЧ,дети до 3,true,хозяин,0-6,3,1.78,853.2,0.3,0.05,молочка;детская гигиена;фрукты;детские каши;хлеб
u_001416,family_001416,ТС5,дети до 3,true,хозяин,1-2,9,2.74,676.8,0.3,0.05,хлеб;детская гигиена;подгузники;молочка;фрукты
u_001422,family_001422,ТС5,дети до 3,true,категорийный,6-9,5,2.39,676.8,0.3,0.05,детская гигиена;хлеб;подгузники;детские каши;фрукты
u_001431,family_001431,ТС5,дети до 3,true,охотник,9-12,3,2.17,676.8,0.5,0.25,детская гигиена;молочка;хлеб;детские каши;подгузники
u_001436,family_001436,ТС5,дети до 3,true,охотник,0-6,9,2.18,676.8,0.5,0.25,детская гигиена;фрукты;детские каши;хлеб;подгузники
u_001438,family_001438,ТСЧ,дети до 3,true,хозяин,1-2,11,2.09,853.2,0.3,0.05,молочка;фрукты;подгузники;хлеб;детская гигиена
u_001445,family_001445,ТСХ,дети до 3,true,хозяин,6-9,19,1.55,1053.6,0.3,0.05,детская гигиена;фрукты;детские каши;подгузники;хлеб
u_001446,family_001446,ТСХ,дети до 3,true,хозяин,6-9,13,1.82,1053.6,0.3,0.05,фрукты;подгузники;молочка;детская гигиена;детские каши
u_001448,family_001448,ТС5,дети до 3,true,хозяин,2-3,13,1.81,676.8,0.3,0.05,подгузники;хлеб;детские каши;фрукты;молочка
u_001449,family_001449,ТС5,дети до 3,true,охотник,6-9,19,2.73,676.8,0.5,0.25,молочка;детские каши;подгузники;хлеб;фрукты
u_001458,family_001458,ТСЧ,дети до 3,true,хозяин,0-6,9,2.56,853.2,0.3,0.05,хлеб;детские каши;детская гигиена;фрукты;подгузники
u_001461,family_001461,ТС5,дети до 3,true,хозяин,2-3,18,1.72,676.8,0.3,0.05,хлеб;молочка;детские каши;подгузники;детская гигиена
u_001465,family_001465,ТСЧ,дети до 3,true,категорийный,0-6,17,2.32,853.2,0.3,0.05,фрукты;подгузники;хлеб;детская гигиена;детские каши
u_001471,family_001471,ТС5,дети до 3,true,хозяин,9-12,7,1.96,676.8,0.3,0.05,фрукты;хлеб;детские каши;молочка;подгузники
u_001473,family_001473,ТС5,дети до 3,true,категорийный,1-2,1,2.07,676.8,0.3,0.05,детские каши;подгузники;хлеб;детская гигиена;фрукты
u_001475,family_001475,ТС5,дети до 3,true,охотник,1-2,7,2.42,676.8,0.5,0.25,подгузники;хлеб;детская гигиена;молочка;фрукты
u_001476,family_001476,ТСЧ,дети до 3,true,охотник,1-2,9,2.55,853.2,0.5,0.25,детские каши;фрукты;подгузники;детская гигиена;хлеб
u_001477,family_001477,ТС5,дети до 3,true,категорийный,9-12,6,1.56,676.8,0.3,0.05,фрукты;молочка;детские каши;подгузники;хлеб
u_001487,family_001487,ТС5,дети до 3,true,категорийный,6-9,5,2.79,676.8,0.3,0.05,детская гигиена;подгузники;детские каши;молочка;фрукты
u_001490,family_001490,ТСЧ,дети до 3,true,хозяин,6-9,8,2.4,853.2,0.3,0.05,молочка;детские каши;подгузники;детская гигиена;фрукты
u_001491,family_001491,ТС5,дети до 3,true,охотник,6-9,2,2.05,676.8,0.5,0.25,детские каши;молочка;хлеб;фрукты;детская гигиена
u_001492,family_001492,ТС5,дети до 3,true,хозяин,9-12,16,2.27,676.8,0.3,0.05,детские каши;фрукты;детская гигиена;хлеб;молочка
u_001493,family_001493,ТС5,дети до 3,true,хозяин,2-3,20,2.45,676.8,0.3,0.05,молочка;хлеб;фрукты;детская гигиена;подгузники
u_001495,family_001495,ТС5,дети до 3,true,охотник,6-9,20,2.84,676.8,0.5,0.25,детская гигиена;молочка;хлеб;фрукты;детские каши
u_001496,family_001496,ТСХ,дети до 3,true,хозяин,1-2,19,2.28,1053.6,0.3,0.05,подгузники;молочка;детская гигиена;хлеб;детские каши
u_001497,family_001497,ТС5,дети до 3,true,хозяин,6-9,13,2.23,676.8,0.3,0.05,молочка;фрукты;детские каши;хлеб;детская гигиена
u_001498,family_001498,ТС5,дети до 3,true,хозяин,1-2,18,2.98,676.8,0.3,0.05,подгузники;хлеб;детская гигиена;детские каши;молочка
u_001500,family_001500,ТС5,дети до 3,true,хозяин,1-2,13,1.97,676.8,0.3,0.05,детская гигиена;хлеб;подгузники;фрукты;детские каши
u_001503,family_001503,ТСЧ,дети до 3,true,хозяин,0-6,18,2.38,853.2,0.3,0.05,детская гигиена;хлеб;детские каши;подгузники;молочка
u_001505,family_001505,ТС5,дети до 3,true,категорийный,6-9,9,1.66,676.8,0.3,0.05,детская гигиена;молочка;детские каши;фрукты;хлеб
u_001511,family_001511,ТС5,дети до 3,true,охотник,1-2,3,2.16,676.8,0.5,0.25,молочка;детская гигиена;хлеб;фрукты;детские каши
u_001522,family_001522,ТСЧ,дети до 3,true,охотник,1-2,9,2.29,853.2,0.5,0.25,детские каши;детская гигиена;хлеб;подгузники;молочка
u_001523,family_001523,ТС5,дети до 3,true,хозяин,9-12,4,2.41,676.8,0.3,0.05,детские каши;хлеб;фрукты;детская гигиена;молочка
u_001524,family_001524,ТС5,дети до 3,true,охотник,6-9,14,2.66,676.8,0.5,0.25,детская гигиена;детские каши;хлеб;молочка;фрукты
u_001531,family_001531,ТСХ,дети до 3,true,охотник,2-3,19,2.26,1053.6,0.5,0.25,детская гигиена;детские каши;молочка;фрукты;хлеб
u_001536,family_001536,ТС5,дети до 3,true,категорийный,9-12,11,2.29,676.8,0.3,0.05,хлеб;фрукты;молочка;детские каши;подгузники
u_001539,family_001539,ТС5,дети до 3,true,хозяин,1-2,14,2.35,676.8,0.3,0.05,молочка;подгузники;детская гигиена;фрукты;детские каши
u_001541,family_001541,ТСЧ,дети до 3,true,хозяин,9-12,8,2.23,853.2,0.3,0.05,детские каши;хлеб;детская гигиена;фрукты;молочка
u_001545,family_001545,ТСЧ,дети до 3,true,хозяин,2-3,3,2.98,853.2,0.3,0.05,фрукты;подгузники;детская гигиена;хлеб;детские каши
u_001546,family_001546,ТСЧ,дети до 3,true,хозяин,9-12,20,2.76,853.2,0.3,0.05,подгузники;фрукты;молочка;хлеб;детские каши
u_001555,family_001555,ТС5,дети до 3,true,категорийный,6-9,2,2.83,676.8,0.3,0.05,детская гигиена;фрукты;детские каши;хлеб;подгузники
u_001556,family_001556,ТСХ,дети до 3,true,охотник,9-12,11,2.7,1053.6,0.5,0.25,молочка;хлеб;подгузники;детские каши;детская гигиена
u_001562,family_001562,ТСЧ,дети до 3,true,хозяин,1-2,2,2.94,853.2,0.3,0.05,молочка;фрукты;детские каши;подгузники;детская гигиена
u_001564,family_001564,ТСЧ,дети до 3,true,охотник,6-9,18,2.48,853.2,0.5,0.25,подгузники;детские каши;хлеб;детская гигиена;фрукты
u_001571,family_001571,ТСХ,дети до 3,true,категорийный,1-2,7,1.75,1053.6,0.3,0.05,фрукты;детские каши;подгузники;молочка;хлеб
u_001575,family_001575,ТС5,дети до 3,true,охотник,0-6,20,2.72,676.8,0.5,0.25,хлеб;молочка;детская гигиена;детские каши;фрукты
u_001584,family_001584,ТС5,дети до 3,true,категорийный,0-6,16,1.83,676.8,0.3,0.05,хлеб;детская гигиена;фрукты;молочка;подгузники
u_001588,family_001588,ТСЧ,дети до 3,true,хозяин,9-12,5,2.36,853.2,0.3,0.05,хлеб;фрукты;подгузники;молочка;детские каши
u_001590,family_001590,ТСЧ,дети до 3,true,охотник,0-6,1,2.12,853.2,0.5,0.25,молочка;детская гигиена;детские каши;подгузники;хлеб
u_001593,family_001593,ТСЧ,дети до 3,true,хозяин,1-2,15,1.74,853.2,0.3,0.05,подгузники;детские каши;молочка;хлеб;детская гигиена
u_001595,family_001595,ТС5,дети до 3,true,хозяин,9-12,16,2.95,676.8,0.3,0.05,молочка;детская гигиена;детские каши;подгузники;фрукты
u_001597,family_001597,ТСХ,дети до 3,true,охотник,9-12,17,2.7,1053.6,0.5,0.25,хлеб;детские каши;подгузники;фрукты;молочка
u_001607,family_001607,ТС5,дети до 3,true,охотник,0-6,16,2.73,676.8,0.5,0.25,детская гигиена;детские каши;молочка;подгузники;фрукты
u_001614,family_001614,ТС5,дети до 3,true,охотник,2-3,19,2.98,676.8,0.5,0.25,детские каши;детская гигиена;фрукты;хлеб;молочка
u_001617,family_001617,ТСХ,дети до 3,true,категорийный,2-3,16,2.09,1053.6,0.3,0.05,хлеб;фрукты;детская гигиена;подгузники;молочка
u_001619,family_001619,ТС5,дети до 3,true,хозяин,9-12,18,1.7,676.8,0.3,0.05,детская гигиена;подгузники;детские каши;хлеб;фрукты
u_001623,family_001623,ТС5,дети до 3,true,категорийный,1-2,18,2.47,676.8,0.3,0.05,подгузники;фрукты;хлеб;молочка;детские каши
u_001624,family_001624,ТСЧ,дети до 3,true,охотник,2-3,10,2.63,853.2,0.5,0.25,молочка;детская гигиена;подгузники;хлеб;детские каши
u_001625,family_001625,ТС5,дети до 3,true,хозяин,1-2,17,2.87,676.8,0.3,0.05,подгузники;детская гигиена;фрукты;детские каши;хлеб
u_001626,family_001626,ТС5,дети до 3,true,охотник,1-2,1,1.57,676.8,0.5,0.25,подгузники;хлеб;молочка;фрукты;детская гигиена
u_001629,family_001629,ТСХ,дети до 3,true,хозяин,0-6,16,1.58,1053.6,0.3,0.05,детская гигиена;хлеб;детские каши;молочка;фрукты
u_001634,family_001634,ТС5,дети до 3,true,охотник,2-3,19,2.47,676.8,0.5,0.25,хлеб;молочка;детские каши;детская гигиена;подгузники
u_001637,family_001637,ТСЧ,дети до 3,true,хозяин,0-6,6,2.1,853.2,0.3,0.05,детская гигиена;молочка;фрукты;детские каши;подгузники
u_001639,family_001639,ТСЧ,дети до 3,true,категорийный,2-3,17,2.87,853.2,0.3,0.05,подгузники;детская гигиена;хлеб;фрукты;детские каши
u_001640,family_001640,ТС5,дети до 3,true,хозяин,9-12,11,2.59,676.8,0.3,0.05,детская гигиена;детские каши;подгузники;молочка;хлеб
u_001644,family_001644,ТС5,дети до 3,true,хозяин,9-12,8,1.56,676.8,0.3,0.05,детские каши;подгузники;фрукты;хлеб;детская гигиена
u_001647,family_001647,ТСЧ,дети до 3,true,хозяин,1-2,11,2.21,853.2,0.3,0.05,хлеб;детские каши;молочка;фрукты;детская гигиена
u_001653,family_001653,ТСХ,дети до 3,true,хозяин,1-2,14,2.15,1053.6,0.3,0.05,хлеб;подгузники;фрукты;детские каши;молочка
u_001655,family_001655,ТС5,дети до 3,true,категорийный,0-6,13,1.73,676.8,0.3,0.05,детские каши;подгузники;молочка;хлеб;фрукты
u_001661,family_001661,ТСЧ,дети до 3,true,хозяин,9-12,10,2.36,853.2,0.3,0.05,подгузники;детские каши;молочка;фрукты;хлеб
u_001662,family_001662,ТС5,дети до 3,true,охотник,1-2,20,2.36,676.8,0.5,0.25,детские каши;молочка;хлеб;подгузники;детская гигиена
u_001667,family_001667,ТС5,дети до 3,true,категорийный,6-9,17,2.41,676.8,0.3,0.05,молочка;фрукты;хлеб;детские каши;подгузники
u_001668,family_001668,ТСЧ,дети до 3,true,охотник,2-3,1,2.75,853.2,0.5,0.25,молочка;подгузники;хлеб;детская гигиена;фрукты
u_001674,family_001674,ТС5,дети до 3,true,охотник,1-2,3,3.0,676.8,0.5,0.25,подгузники;детские каши;детская гигиена;хлеб;молочка
u_001677,family_001677,ТСЧ,дети до 3,true,категорийный,1-2,14,2.44,853.2,0.3,0.05,подгузники;молочка;детская гигиена;фрукты;детские каши
u_001679,family_001679,ТСХ,дети до 3,true,хозяин,6-9,12,1.53,1053.6,0.3,0.05,подгузники;детские каши;фрукты;детская гигиена;хлеб
u_001680,family_001680,ТСЧ,дети до 3,true,категорийный,0-6,9,1.53,853.2,0.3,0.05,фрукты;хлеб;молочка;подгузники;детские каши
u_001681,family_001681,ТС5,дети до 3,true,хозяин,6-9,11,2.04,676.8,0.3,0.05,детская гигиена;хлеб;молочка;фрукты;подгузники
u_001689,family_001689,ТСЧ,дети до 3,true,охотник,9-12,16,2.68,853.2,0.5,0.25,хлеб;фрукты;детские каши;подгузники;детская гигиена
u_001691,family_001691,ТС5,дети до 3,true,хозяин,0-6,16,2.68,676.8,0.3,0.05,фрукты;хлеб;детские каши;детская гигиена;подгузники
u_001693,family_001693,ТСХ,дети до 3,true,хозяин,6-9,6,1.84,1053.6,0.3,0.05,молочка;хлеб;детская гигиена;подгузники;детские каши
u_001694,family_001694,ТС5,дети до 3,true,хозяин,9-12,18,2.98,676.8,0.3,0.05,подгузники;молочка;детские каши;фрукты;хлеб
u_001695,family_001695,ТСХ,дети до 3,true,охотник,6-9,3,2.97,1053.6,0.5,0.25,детская гигиена;молочка;детские каши;хлеб;подгузники
u_001696,family_001696,ТС5,дети до 3,true,охотник,6-9,14,2.44,676.8,0.5,0.25,фрукты;молочка;подгузники;детские каши;хлеб
u_001699,family_001699,ТС5,дети до 3,true,охотник,1-2,2,2.54,676.8,0.5,0.25,детские каши;подгузники;молочка;фрукты;хлеб
u_001700,family_001700,ТСЧ,дети до 3,true,хозяин,6-9,18,2.65,853.2,0.3,0.05,хлеб;детская гигиена;подгузники;молочка;фрукты
u_001703,family_001703,ТС5,дети до 3,true,охотник,2-3,11,2.52,676.8,0.5,0.25,подгузники;детские каши;детская гигиена;молочка;хлеб
u_001709,family_001709,ТС5,дети до 3,true,хозяин,2-3,8,2.8,676.8,0.3,0.05,детская гигиена;молочка;фрукты;подгузники;детские каши
u_001722,family_001722,ТС5,дети до 3,true,хозяин,0-6,14,2.98,676.8,0.3,0.05,подгузники;детская гигиена;хлеб;детские каши;молочка
u_001725,family_001725,ТС5,дети до 3,true,хозяин,0-6,10,1.95,676.8,0.3,0.05,фрукты;хлеб;детские каши;детская гигиена;молочка
u_001730,family_001730,ТСЧ,дети до 3,true,хозяин,1-2,6,1.81,853.2,0.3,0.05,фрукты;детские каши;молочка;подгузники;хлеб
u_001731,family_001731,ТСХ,дети до 3,true,охотник,1-2,6,2.68,1053.6,0.5,0.25,молочка;детские каши;фрукты;детская гигиена;хлеб
u_001732,family_001732,ТСХ,дети до 3,true,охотник,1-2,5,2.07,1053.6,0.5,0.25,фрукты;подгузники;молочка;хлеб;детские каши
u_001749,family_001749,ТС5,дети до 3,true,охотник,6-9,2,2.42,676.8,0.5,0.25,детская гигиена;подгузники;детские каши;хлеб;фрукты
u_001750,family_001750,ТС5,дети до 3,true,хозяин,0-6,5,2.1,676.8,0.3,0.05,хлеб;детская гигиена;фрукты;подгузники;молочка
u_001754,family_001754,ТС5,дети до 3,true,хозяин,9-12,7,2.3,676.8,0.3,0.05,хлеб;детская гигиена;детские каши;молочка;фрукты
u_001759,family_001759,ТС5,дети до 3,true,хозяин,6-9,14,2.9,676.8,0.3,0.05,фрукты;молочка;хлеб;детская гигиена;детские каши
u_001761,family_001761,ТСЧ,дети до 3,true,хозяин,6-9,16,1.85,853.2,0.3,0.05,детские каши;молочка;подгузники;хлеб;фрукты
u_001763,family_001763,ТСЧ,дети до 3,true,категорийный,0-6,11,1.98,853.2,0.3,0.05,детская гигиена;подгузники;хлеб;молочка;детские каши
u_001765,family_001765,ТСЧ,дети до 3,true,хозяин,1-2,19,2.52,853.2,0.3,0.05,молочка;хлеб;фрукты;детская гигиена;подгузники
u_001776,family_001776,ТСЧ,дети до 3,true,хозяин,9-12,11,2.44,853.2,0.3,0.05,подгузники;хлеб;фрукты;детские каши;детская гигиена
u_001777,family_001777,ТС5,дети до 3,true,хозяин,9-12,2,1.53,676.8,0.3,0.05,хлеб;молочка;детская гигиена;фрукты;подгузники
u_001778,family_001778,ТСЧ,дети до 3,true,охотник,9-12,19,1.5,853.2,0.5,0.25,детская гигиена;подгузники;молочка;фрукты;детские каши
u_001779,family_001779,ТС5,дети до 3,true,хозяин,2-3,10,2.47,676.8,0.3,0.05,фрукты;детские каши;хлеб;молочка;детская гигиена
u_001780,family_001780,ТС5,дети до 3,true,хозяин,2-3,15,2.53,676.8,0.3,0.05,детские каши;хлеб;молочка;подгузники;детская гигиена
u_001784,family_001784,ТС5,дети до 3,true,охотник,2-3,6,1.66,676.8,0.5,0.25,детские каши;подгузники;детская гигиена;молочка;фрукты
u_001785,family_001785,ТС5,дети до 3,true,хозяин,2-3,3,1.85,676.8,0.3,0.05,хлеб;фрукты;детские каши;подгузники;молочка
u_001786,family_001786,ТС5,дети до 3,true,хозяин,2-3,17,2.44,676.8,0.3,0.05,молочка;фрукты;подгузники;детские каши;детская гигиена
u_001790,family_001790,ТС5,дети до 3,true,хозяин,6-9,17,2.84,676.8,0.3,0.05,хлеб;фрукты;молочка;подгузники;детская гигиена
u_001791,family_001791,ТС5,дети до 3,true,хозяин,1-2,19,2.91,676.8,0.3,0.05,хлеб;детские каши;подгузники;детская гигиена;фрукты
u_001793,family_001793,ТС5,дети до 3,true,хозяин,1-2,10,2.51,676.8,0.3,0.05,хлеб;фрукты;детская гигиена;детские каши;молочка
u_001797,family_001797,ТСЧ,дети до 3,true,охотник,1-2,9,2.31,853.2,0.5,0.25,детская гигиена;подгузники;хлеб;детские каши;молочка
u_001798,family_001798,ТС5,дети до 3,true,охотник,1-2,5,2.98,676.8,0.5,0.25,детские каши;хлеб;детская гигиена;молочка;фрукты
u_001803,family_001803,ТС5,дети до 3,true,хозяин,0-6,7,2.55,676.8,0.3,0.05,молочка;подгузники;детские каши;детская гигиена;фрукты
u_001808,family_001808,ТС5,дети до 3,true,охотник,0-6,11,2.01,676.8,0.5,0.25,молочка;хлеб;подгузники;детские каши;фрукты
u_001815,family_001815,ТСХ,дети до 3,true,категорийный,2-3,15,2.67,1053.6,0.3,0.05,молочка;хлеб;детская гигиена;подгузники;фрукты
u_001821,family_001821,ТС5,дети до 3,true,категорийный,1-2,16,2.99,676.8,0.3,0.05,детская гигиена;хлеб;подгузники;детские каши;фрукты
u_001824,family_001824,ТС5,дети до 3,true,охотник,1-2,18,1.57,676.8,0.5,0.25,фрукты;молочка;детская гигиена;детские каши;хлеб
u_001827,family_001827,ТС5,дети до 3,true,охотник,6-9,3,1.67,676.8,0.5,0.25,детская гигиена;хлеб;детские каши;фрукты;молочка
u_001828,family_001828,ТС5,дети до 3,true,категорийный,0-6,15,2.16,676.8,0.3,0.05,детские каши;детская гигиена;фрукты;молочка;хлеб
u_001829,family_001829,ТС5,дети до 3,true,хозяин,6-9,1,1.79,676.8,0.3,0.05,фрукты;хлеб;детские каши;молочка;подгузники
u_001833,family_001833,ТС5,дети до 3,true,охотник,0-6,14,2.02,676.8,0.5,0.25,детская гигиена;молочка;фрукты;хлеб;детские каши
u_001834,family_001834,ТС5,дети до 3,true,категорийный,6-9,18,2.82,676.8,0.3,0.05,хлеб;подгузники;детские каши;молочка;фрукты
u_001847,family_001847,ТС5,дети до 3,true,хозяин,0-6,7,2.6,676.8,0.3,0.05,подгузники;детские каши;фрукты;хлеб;молочка
u_001849,family_001849,ТС5,дети до 3,true,категорийный,1-2,14,1.9,676.8,0.3,0.05,подгузники;хлеб;детские каши;детская гигиена;молочка
u_001853,family_001853,ТС5,дети до 3,true,хозяин,6-9,18,2.15,676.8,0.3,0.05,фрукты;хлеб;подгузники;детская гигиена;молочка
u_001860,family_001860,ТС5,дети до 3,true,категорийный,1-2,9,1.77,676.8,0.3,0.05,детская гигиена;фрукты;детские каши;хлеб;подгузники
u_001866,family_001866,ТС5,дети до 3,true,охотник,2-3,6,1.74,676.8,0.5,0.25,молочка;детские каши;детская гигиена;подгузники;хлеб
u_001871,family_001871,ТС5,дети до 3,true,хозяин,0-6,1,2.94,676.8,0.3,0.05,молочка;подгузники;хлеб;детские каши;детская гигиена
u_001877,family_001877,ТСХ,дети до 3,true,охотник,6-9,9,2.84,1053.6,0.5,0.25,фрукты;хлеб;детская гигиена;молочка;детские каши
u_001878,family_001878,ТСЧ,дети до 3,true,хозяин,9-12,13,2.87,853.2,0.3,0.05,фрукты;подгузники;молочка;детская гигиена;хлеб
u_001879,family_001879,ТС5,дети до 3,true,хозяин,0-6,13,2.04,676.8,0.3,0.05,фрукты;молочка;хлеб;подгузники;детская гигиена
u_001888,family_001888,ТСХ,дети до 3,true,хозяин,0-6,8,2.5,1053.6,0.3,0.05,подгузники;хлеб;фрукты;детская гигиена;молочка
u_001893,family_001893,ТС5,дети до 3,true,охотник,1-2,19,2.14,676.8,0.5,0.25,фрукты;подгузники;хлеб;молочка;детская гигиена
u_001894,family_001894,ТСХ,дети до 3,true,хозяин,6-9,16,2.25,1053.6,0.3,0.05,хлеб;детская гигиена;фрукты;молочка;подгузники
u_001901,family_001901,ТС5,дети до 3,true,охотник,2-3,1,1.92,676.8,0.5,0.25,хлеб;молочка;детские каши;детская гигиена;фрукты
u_001902,family_001902,ТС5,дети до 3,true,хозяин,6-9,19,2.61,676.8,0.3,0.05,детские каши;молочка;детская гигиена;хлеб;подгузники
u_001912,family_001912,ТС5,дети до 3,true,охотник,2-3,5,2.44,676.8,0.5,0.25,детская гигиена;хлеб;фрукты;подгузники;детские каши
u_001924,family_001924,ТС5,дети до 3,true,хозяин,6-9,10,2.41,676.8,0.3,0.05,детская гигиена;хлеб;детские каши;фрукты;подгузники
u_001925,family_001925,ТС5,дети до 3,true,хозяин,6-9,5,2.77,676.8,0.3,0.05,детские каши;детская гигиена;хлеб;подгузники;молочка
u_001927,family_001927,ТС5,дети до 3,true,охотник,0-6,18,2.6,676.8,0.5,0.25,фрукты;хлеб;подгузники;молочка;детская гигиена
u_001931,family_001931,ТСЧ,дети до 3,true,хозяин,9-12,9,2.05,853.2,0.3,0.05,детские каши;хлеб;молочка;детская гигиена;фрукты
u_001932,family_001932,ТСХ,дети до 3,true,охотник,9-12,11,2.92,1053.6,0.5,0.25,молочка;детская гигиена;детские каши;фрукты;хлеб
u_001936,family_001936,ТС5,дети до 3,true,хозяин,6-9,1,2.18,676.8,0.3,0.05,молочка;детская гигиена;фрукты;детские каши;подгузники
u_001948,family_001948,ТС5,дети до 3,true,хозяин,6-9,2,1.8,676.8,0.3,0.05,детская гигиена;детские каши;молочка;хлеб;подгузники
u_001953,family_001953,ТСЧ,дети до 3,true,хозяин,2-3,6,2.08,853.2,0.3,0.05,детские каши;подгузники;детская гигиена;фрукты;хлеб
u_001956,family_001956,ТС5,дети до 3,true,хозяин,6-9,7,2.97,676.8,0.3,0.05,детская гигиена;хлеб;фрукты;подгузники;молочка
u_001960,family_001960,ТС5,дети до 3,true,охотник,9-12,13,2.53,676.8,0.5,0.25,детские каши;молочка;подгузники;хлеб;фрукты
u_001966,family_001966,ТСХ,дети до 3,true,хозяин,9-12,15,2.32,1053.6,0.3,0.05,молочка;детская гигиена;подгузники;фрукты;детские каши
u_001969,family_001969,ТС5,дети до 3,true,охотник,6-9,3,1.75,676.8,0.5,0.25,детские каши;хлеб;детская гигиена;подгузники;молочка
u_001970,family_001970,ТС5,дети до 3,true,охотник,0-6,15,2.94,676.8,0.5,0.25,хлеб;фрукты;детские каши;молочка;детская гигиена
u_001972,family_001972,ТС5,дети до 3,true,хозяин,9-12,7,1.55,676.8,0.3,0.05,фрукты;хлеб;молочка;подгузники;детские каши
u_001974,family_001974,ТСЧ,дети до 3,true,хозяин,9-12,16,1.51,853.2,0.3,0.05,подгузники;хлеб;детская гигиена;детские каши;молочка
u_001989,family_001989,ТСЧ,дети до 3,true,хозяин,2-3,8,2.35,853.2,0.3,0.05,подгузники;детская гигиена;молочка;хлеб;детские каши
u_001991,family_001991,ТС5,дети до 3,true,категорийный,0-6,18,2.91,676.8,0.3,0.05,подгузники;фрукты;детская гигиена;хлеб;детские каши
u_001992,family_001992,ТСХ,дети до 3,true,хозяин,9-12,13,2.08,1053.6,0.3,0.05,подгузники;хлеб;детская гигиена;молочка;детские каши
u_001995,family_001995,ТСХ,дети до 3,true,охотник,1-2,18,2.75,1053.6,0.5,0.25,подгузники;фрукты;молочка;детские каши;хлеб
